model,split,node,n_predictions,rmse,mae
xgboost,test,iv_x01_t01,422,0.0125702595903047,0.0076344635792978
xgboost,test,iv_x01_t02,422,0.0120832253709529,0.0074339642888691
xgboost,test,iv_x01_t03,422,0.0115244325736072,0.0074907706128809
xgboost,test,iv_x01_t04,422,0.011135918892033,0.0071312525778875
xgboost,test,iv_x01_t05,422,0.0107011266541498,0.0072710987376628
xgboost,test,iv_x01_t06,422,0.0129160419864814,0.0077914716679768
xgboost,test,iv_x01_t07,422,0.0104318004933324,0.0073285594523755
xgboost,test,iv_x01_t08,422,0.0108118557500207,0.007751536646281
xgboost,test,iv_x01_t09,422,0.0121757423641492,0.0084551406172832
xgboost,test,iv_x01_t10,422,0.0122654359296796,0.0085923704611714
xgboost,test,iv_x01_t11,422,0.012814744272292,0.0086612407040999
xgboost,test,iv_x01_t12,422,0.0121844968956157,0.0088063710344905
xgboost,test,iv_x01_t13,422,0.0124868263718987,0.009334300873862
xgboost,test,iv_x01_t14,417,0.0131928183758687,0.0096212702441777
xgboost,test,iv_x01_t15,409,0.0157450162423538,0.0108685575705795
xgboost,test,iv_x01_t16,375,0.0159316947557242,0.0110783821512243
xgboost,test,iv_x01_t17,305,0.0144901301078463,0.0113823623285374
xgboost,test,iv_x01_t18,174,0.018007156950835,0.0140489108759211
xgboost,test,iv_x02_t01,422,0.0122660432373173,0.0077971143841481
xgboost,test,iv_x02_t02,422,0.011253513183466,0.0072365200829043
xgboost,test,iv_x02_t03,422,0.0113266502498917,0.0076457116851216
xgboost,test,iv_x02_t04,422,0.0113393427990178,0.0072551630878015
xgboost,test,iv_x02_t05,422,0.0111653065962452,0.0074284551932831
xgboost,test,iv_x02_t06,422,0.0124479244718457,0.0078942694707598
xgboost,test,iv_x02_t07,422,0.0103226295729686,0.0073748214433751
xgboost,test,iv_x02_t08,422,0.0105385982353828,0.0077662731931584
xgboost,test,iv_x02_t09,422,0.0119240765393166,0.0086002079934454
xgboost,test,iv_x02_t10,422,0.0117587161451624,0.0087673897404367
xgboost,test,iv_x02_t11,422,0.0111416328772606,0.0085822416042996
xgboost,test,iv_x02_t12,422,0.010929737432379,0.0085136833650316
xgboost,test,iv_x02_t13,422,0.0113611793611618,0.0088509516781619
xgboost,test,iv_x02_t14,422,0.0124193419100592,0.0094905833501445
xgboost,test,iv_x02_t15,422,0.0144327197120566,0.0104254569079279
xgboost,test,iv_x02_t16,417,0.0156150466784594,0.0114023325245569
xgboost,test,iv_x02_t17,375,0.0149826877688394,0.0110612726268361
xgboost,test,iv_x02_t18,227,0.0151043833258621,0.0111513894575656
xgboost,test,iv_x03_t01,422,0.0120591214341787,0.0073981543174226
xgboost,test,iv_x03_t02,422,0.0121650428364874,0.0077705346871862
xgboost,test,iv_x03_t03,422,0.0112119227339708,0.0072677524860216
xgboost,test,iv_x03_t04,422,0.0113608029917032,0.0074788422896653
xgboost,test,iv_x03_t05,422,0.0106993853942221,0.0074953988432719
xgboost,test,iv_x03_t06,422,0.010920888892528,0.007471998423988
xgboost,test,iv_x03_t07,422,0.0097073978288513,0.0069997932800458
xgboost,test,iv_x03_t08,422,0.0105963609640713,0.0076895407699974
xgboost,test,iv_x03_t09,422,0.0104637652630529,0.0078267728212577
xgboost,test,iv_x03_t10,422,0.0106724336790635,0.0081541773808487
xgboost,test,iv_x03_t11,422,0.0108431028693497,0.0081516644632408
xgboost,test,iv_x03_t12,422,0.0117335103329997,0.0088515565423416
xgboost,test,iv_x03_t13,422,0.0118738681147679,0.0089199086748335
xgboost,test,iv_x03_t14,422,0.0123315351058296,0.0094391190460544
xgboost,test,iv_x03_t15,422,0.013043168347192,0.0097780502835556
xgboost,test,iv_x03_t16,421,0.0141488433259957,0.0104227851251707
xgboost,test,iv_x03_t17,402,0.0142588111914017,0.0110173377000865
xgboost,test,iv_x03_t18,249,0.0151153330786161,0.0109634395783251
xgboost,test,iv_x04_t01,422,0.0128440603239898,0.007861841313076
xgboost,test,iv_x04_t02,422,0.0121817143420752,0.0077354088416169
xgboost,test,iv_x04_t03,422,0.0111745662062081,0.0073575126323491
xgboost,test,iv_x04_t04,422,0.0114279362310507,0.0076753593204333
xgboost,test,iv_x04_t05,422,0.0134874355311677,0.0084008200650864
xgboost,test,iv_x04_t06,422,0.0117789527062469,0.0082745323141896
xgboost,test,iv_x04_t07,422,0.0106304409164965,0.0078059632761889
xgboost,test,iv_x04_t08,422,0.0120550443068429,0.0085787425823983
xgboost,test,iv_x04_t09,422,0.0112242954845856,0.0082097826568743
xgboost,test,iv_x04_t10,422,0.0117321445156563,0.0084769901144048
xgboost,test,iv_x04_t11,422,0.011316297470051,0.0083178120895559
xgboost,test,iv_x04_t12,422,0.0121398408766666,0.0088009387346028
xgboost,test,iv_x04_t13,422,0.0116316591463793,0.008984737795038
xgboost,test,iv_x04_t14,422,0.0120026850303206,0.0092364943380586
xgboost,test,iv_x04_t15,422,0.0126899844047629,0.0096667598455243
xgboost,test,iv_x04_t16,422,0.0128354534482375,0.0097527728417413
xgboost,test,iv_x04_t17,416,0.0141771503943107,0.0102872934632091
xgboost,test,iv_x04_t18,263,0.0127199766582231,0.0096227100876461
xgboost,test,iv_x05_t01,422,0.013375990506894,0.0082593903782027
xgboost,test,iv_x05_t02,422,0.0114544124572025,0.0074528062604855
xgboost,test,iv_x05_t03,422,0.0117320892012443,0.0078708523438
xgboost,test,iv_x05_t04,422,0.0117259544920301,0.0078473017094573
xgboost,test,iv_x05_t05,422,0.0116081686406994,0.0081731846150952
xgboost,test,iv_x05_t06,422,0.0118449115861808,0.0081294346009272
xgboost,test,iv_x05_t07,422,0.0108613382578606,0.0079274317015948
xgboost,test,iv_x05_t08,422,0.0112686181596945,0.0082705939762592
xgboost,test,iv_x05_t09,422,0.0107594164518547,0.0080056221743071
xgboost,test,iv_x05_t10,422,0.0118159946238262,0.0088240638833629
xgboost,test,iv_x05_t11,422,0.0113946698367065,0.0087558951173986
xgboost,test,iv_x05_t12,422,0.0114901765035183,0.0089134808545025
xgboost,test,iv_x05_t13,422,0.0127457055125865,0.0095934753676433
xgboost,test,iv_x05_t14,422,0.0120139584316855,0.0095645570844954
xgboost,test,iv_x05_t15,422,0.013596156405567,0.0102161068924275
xgboost,test,iv_x05_t16,422,0.0128634697728262,0.009964075974487
xgboost,test,iv_x05_t17,418,0.013233733862906,0.0104705559291384
xgboost,test,iv_x05_t18,271,0.0150893316781093,0.0111837869541667
xgboost,test,iv_x06_t01,422,0.0126901987046753,0.0079897174048056
xgboost,test,iv_x06_t02,422,0.0116381038349173,0.0078043563884517
xgboost,test,iv_x06_t03,422,0.0110337079351826,0.0077182121289826
xgboost,test,iv_x06_t04,422,0.0111836087431699,0.0076857354608157
xgboost,test,iv_x06_t05,422,0.0108283047641407,0.0075821749242381
xgboost,test,iv_x06_t06,422,0.0125425471018873,0.0088024317001854
xgboost,test,iv_x06_t07,422,0.0108391543626136,0.0079704415502355
xgboost,test,iv_x06_t08,422,0.0110086831775051,0.0082355648372209
xgboost,test,iv_x06_t09,422,0.0116102066840378,0.0083058276704265
xgboost,test,iv_x06_t10,422,0.0113782163000264,0.0085707409476409
xgboost,test,iv_x06_t11,422,0.0117434175582931,0.008706560718986
xgboost,test,iv_x06_t12,422,0.012062743605525,0.0091496316106189
xgboost,test,iv_x06_t13,422,0.0117312455566442,0.0092227252780312
xgboost,test,iv_x06_t14,422,0.0120843695793436,0.0092362938081872
xgboost,test,iv_x06_t15,422,0.0128767428634624,0.009627150854895
xgboost,test,iv_x06_t16,422,0.0128088938500276,0.0098985320418309
xgboost,test,iv_x06_t17,421,0.0130268146747,0.010203976239435
xgboost,test,iv_x06_t18,273,0.0142242292833921,0.0107863144193224
xgboost,test,iv_x07_t01,422,0.0119970539262729,0.0077113717549086
xgboost,test,iv_x07_t02,422,0.0118266972443218,0.0079690191939031
xgboost,test,iv_x07_t03,422,0.0113915144353909,0.0078804249762378
xgboost,test,iv_x07_t04,422,0.0110079392805097,0.0077385991037282
xgboost,test,iv_x07_t05,422,0.0115991863834579,0.0080405890503506
xgboost,test,iv_x07_t06,422,0.0114684091826704,0.0082962328975868
xgboost,test,iv_x07_t07,422,0.0108851234302246,0.0077403293490213
xgboost,test,iv_x07_t08,422,0.0109960985344598,0.0079515336860782
xgboost,test,iv_x07_t09,422,0.0114759878070007,0.0083460686234321
xgboost,test,iv_x07_t10,422,0.0117538706568876,0.0086972221332338
xgboost,test,iv_x07_t11,422,0.0127124717073304,0.00933985245429
xgboost,test,iv_x07_t12,422,0.0117660599012317,0.0087164886652933
xgboost,test,iv_x07_t13,422,0.0121165057944652,0.0091774313581008
xgboost,test,iv_x07_t14,422,0.0123861218688418,0.0096426937092024
xgboost,test,iv_x07_t15,422,0.0142431454382153,0.0109134304008806
xgboost,test,iv_x07_t16,422,0.0149882618934896,0.0112215598380944
xgboost,test,iv_x07_t17,421,0.0151296110882507,0.011320991360229
xgboost,test,iv_x07_t18,276,0.0145634806637462,0.0106977904244723
xgboost,test,iv_x08_t01,422,0.0117903551138069,0.0077211469030867
xgboost,test,iv_x08_t02,422,0.0125299412717377,0.0083845917591983
xgboost,test,iv_x08_t03,422,0.0115229174133741,0.0079223366050372
xgboost,test,iv_x08_t04,422,0.0109389363919803,0.0077834519646094
xgboost,test,iv_x08_t05,422,0.0114157464810191,0.0083249822825604
xgboost,test,iv_x08_t06,422,0.0120979400249819,0.0084841649353316
xgboost,test,iv_x08_t07,422,0.0116561305335594,0.0085292931848169
xgboost,test,iv_x08_t08,422,0.0121601638893593,0.0086293671231089
xgboost,test,iv_x08_t09,422,0.0114117096775129,0.0082870603869851
xgboost,test,iv_x08_t10,422,0.010906019501883,0.0078834473456263
xgboost,test,iv_x08_t11,422,0.0119885357795642,0.0090249301217206
xgboost,test,iv_x08_t12,422,0.0124134212527699,0.0092469777022174
xgboost,test,iv_x08_t13,422,0.0135529623783167,0.0101048942430101
xgboost,test,iv_x08_t14,422,0.0143259620957351,0.0107906921768779
xgboost,test,iv_x08_t15,422,0.0142304071288286,0.0105298761241915
xgboost,test,iv_x08_t16,422,0.0155767096943727,0.0113810417991186
xgboost,test,iv_x08_t17,421,0.0182663156349022,0.0127782665233371
xgboost,test,iv_x08_t18,277,0.0157248779202813,0.0113367822090663
xgboost,test,iv_x09_t01,422,0.0121007122013491,0.007936814502888
xgboost,test,iv_x09_t02,422,0.0115718717151677,0.0078884909635614
xgboost,test,iv_x09_t03,422,0.0113036205311328,0.0077139881027411
xgboost,test,iv_x09_t04,422,0.0104606053890028,0.0074203510188603
xgboost,test,iv_x09_t05,422,0.0112190947980285,0.0083104385881356
xgboost,test,iv_x09_t06,422,0.0115353791164742,0.0083593872459083
xgboost,test,iv_x09_t07,422,0.0105149266442382,0.0079014914273871
xgboost,test,iv_x09_t08,422,0.0111829081835918,0.0082352116962301
xgboost,test,iv_x09_t09,422,0.0113783187316652,0.0082459324862127
xgboost,test,iv_x09_t10,422,0.0113486480355213,0.0084915000425212
xgboost,test,iv_x09_t11,422,0.0118207314355559,0.0087683385856288
xgboost,test,iv_x09_t12,422,0.0132803352537018,0.0095499430672623
xgboost,test,iv_x09_t13,422,0.0131424675192364,0.0096747191260279
xgboost,test,iv_x09_t14,422,0.0129392385079347,0.0095411428385492
xgboost,test,iv_x09_t15,422,0.0138975273313692,0.0103686359772845
xgboost,test,iv_x09_t16,422,0.0164296693565389,0.011920467644668
xgboost,test,iv_x09_t17,422,0.0172185134313558,0.0117177134034415
xgboost,test,iv_x09_t18,278,0.0157787366855803,0.010732461639949
xgboost,test,iv_x10_t01,422,0.0115217300732794,0.0077583187154932
xgboost,test,iv_x10_t02,422,0.0111608561209732,0.007766918894197
xgboost,test,iv_x10_t03,422,0.0117785631354266,0.008056896166584
xgboost,test,iv_x10_t04,422,0.0112136648705405,0.0078764535026977
xgboost,test,iv_x10_t05,422,0.011072630283232,0.0082053851709894
xgboost,test,iv_x10_t06,422,0.0112187812370663,0.0082974736752027
xgboost,test,iv_x10_t07,422,0.0118744708135808,0.0087537832161821
xgboost,test,iv_x10_t08,422,0.0121018444174037,0.0086726435850992
xgboost,test,iv_x10_t09,422,0.0108985957755022,0.0080121055786632
xgboost,test,iv_x10_t10,422,0.01176524121382,0.0085846937935445
xgboost,test,iv_x10_t11,422,0.012157838029633,0.0091651386990454
xgboost,test,iv_x10_t12,422,0.0122314919146071,0.0091644990700896
xgboost,test,iv_x10_t13,422,0.0129744084623588,0.0097468531243485
xgboost,test,iv_x10_t14,422,0.0126293651409861,0.0092579075082105
xgboost,test,iv_x10_t15,422,0.0132344636665601,0.009753455633094
xgboost,test,iv_x10_t16,422,0.0148569942059419,0.0111274958223143
xgboost,test,iv_x10_t17,422,0.0156276412458542,0.0111839885849375
xgboost,test,iv_x10_t18,278,0.0141166471920854,0.0103519052897943
xgboost,test,iv_x11_t01,422,0.0117322894763724,0.007972158850084
xgboost,test,iv_x11_t02,422,0.0113504075020411,0.0079179015430146
xgboost,test,iv_x11_t03,422,0.0114249208247282,0.0080885282906048
xgboost,test,iv_x11_t04,422,0.0112647320268327,0.0080728467897568
xgboost,test,iv_x11_t05,422,0.0118605377084241,0.0084399603712824
xgboost,test,iv_x11_t06,422,0.0117968382646751,0.0086728573585641
xgboost,test,iv_x11_t07,422,0.0118892374140502,0.008496322440917
xgboost,test,iv_x11_t08,422,0.0119891502840147,0.0086218556354484
xgboost,test,iv_x11_t09,422,0.0107592313857214,0.0078497762435125
xgboost,test,iv_x11_t10,422,0.0109664070916324,0.0077561820755068
xgboost,test,iv_x11_t11,422,0.0113878722746291,0.0080377158519985
xgboost,test,iv_x11_t12,422,0.0130955727090764,0.0091503782822889
xgboost,test,iv_x11_t13,422,0.0133951982421621,0.0098114376356547
xgboost,test,iv_x11_t14,422,0.0126727394160198,0.0092452694340855
xgboost,test,iv_x11_t15,422,0.0139394796206283,0.0097694155326964
xgboost,test,iv_x11_t16,422,0.0146332461830333,0.0103804292877553
xgboost,test,iv_x11_t17,422,0.0151550615173618,0.0107831050794056
xgboost,test,iv_x11_t18,278,0.0150010415186282,0.0097566004808792
xgboost,test,iv_x12_t01,422,0.0114071479537685,0.0080429292189694
xgboost,test,iv_x12_t02,422,0.0108068619793563,0.0073726337572024
xgboost,test,iv_x12_t03,422,0.0111704368181071,0.0079326052146564
xgboost,test,iv_x12_t04,422,0.0110408038193711,0.0078122323199564
xgboost,test,iv_x12_t05,422,0.0128136279731357,0.0093171842614115
xgboost,test,iv_x12_t06,422,0.0121454549572788,0.0090192393811663
xgboost,test,iv_x12_t07,422,0.0122395750961444,0.0088694648370312
xgboost,test,iv_x12_t08,422,0.0129563318518781,0.0089287424462129
xgboost,test,iv_x12_t09,422,0.0107523990212463,0.007578718624181
xgboost,test,iv_x12_t10,422,0.0110499260169759,0.0077852932091565
xgboost,test,iv_x12_t11,422,0.0118629800492371,0.008237168519828
xgboost,test,iv_x12_t12,422,0.0117509851668047,0.0083451546102447
xgboost,test,iv_x12_t13,422,0.0126130141789568,0.0088096662252281
xgboost,test,iv_x12_t14,422,0.0130243653027254,0.0091049517559281
xgboost,test,iv_x12_t15,422,0.0135668060313994,0.0097036857966232
xgboost,test,iv_x12_t16,422,0.0142849357528746,0.0099685107602626
xgboost,test,iv_x12_t17,422,0.0153244261676235,0.0103793025959072
xgboost,test,iv_x12_t18,278,0.0135191092153091,0.0093072286892189
xgboost,test,iv_x13_t01,422,0.010215660648589,0.0067686463802136
xgboost,test,iv_x13_t02,422,0.0102425876383215,0.0070086500147726
xgboost,test,iv_x13_t03,422,0.0102773144780734,0.0071275213785564
xgboost,test,iv_x13_t04,422,0.0105085404216265,0.0076376961103388
xgboost,test,iv_x13_t05,422,0.0115287642787817,0.0081364734571491
xgboost,test,iv_x13_t06,422,0.0113926479311753,0.008317807561095
xgboost,test,iv_x13_t07,422,0.0112309340422856,0.0080337535234197
xgboost,test,iv_x13_t08,422,0.011893865667456,0.0081545298941125
xgboost,test,iv_x13_t09,422,0.0093133722306434,0.0065558085929918
xgboost,test,iv_x13_t10,422,0.0106009352938193,0.0072586209946525
xgboost,test,iv_x13_t11,422,0.0107056027099315,0.0075185734346335
xgboost,test,iv_x13_t12,422,0.0107484583623779,0.0076768835575713
xgboost,test,iv_x13_t13,422,0.011085806045844,0.0077747559099297
xgboost,test,iv_x13_t14,422,0.0117472946193978,0.0083050195663888
xgboost,test,iv_x13_t15,422,0.0124728010914225,0.0088010519997676
xgboost,test,iv_x13_t16,422,0.0138991555746221,0.0093972049260192
xgboost,test,iv_x13_t17,422,0.0129057235223598,0.009467162358879
xgboost,test,iv_x13_t18,278,0.0124244718522195,0.0083715067647057
xgboost,test,iv_x14_t01,422,0.0103938430906098,0.0070553294995782
xgboost,test,iv_x14_t02,422,0.0108956541971359,0.0074186113521564
xgboost,test,iv_x14_t03,422,0.0105212795387061,0.0074325830457004
xgboost,test,iv_x14_t04,422,0.0100843400482617,0.0074095604341786
xgboost,test,iv_x14_t05,422,0.0107996062733736,0.0079343878065568
xgboost,test,iv_x14_t06,422,0.0118036442594444,0.0087626972030457
xgboost,test,iv_x14_t07,422,0.0111780172642077,0.0081669864069884
xgboost,test,iv_x14_t08,422,0.0125826953824834,0.0088147189713171
xgboost,test,iv_x14_t09,422,0.0106511465700235,0.007640709751974
xgboost,test,iv_x14_t10,422,0.0104754481511713,0.0074360373955123
xgboost,test,iv_x14_t11,422,0.0126529580068429,0.0084966541380919
xgboost,test,iv_x14_t12,422,0.0132032139229172,0.0085960286313972
xgboost,test,iv_x14_t13,422,0.0137577272001405,0.008826609562506
xgboost,test,iv_x14_t14,422,0.0148020987701001,0.010193687231119
xgboost,test,iv_x14_t15,422,0.0139760515130596,0.0097680228685132
xgboost,test,iv_x14_t16,422,0.0139815573089807,0.0102901669575562
xgboost,test,iv_x14_t17,422,0.0148398199010954,0.0102144147636432
xgboost,test,iv_x14_t18,278,0.014716140058413,0.0101707200918698
xgboost,test,iv_x15_t01,422,0.0099536741019543,0.0066037761143921
xgboost,test,iv_x15_t02,422,0.0099001592555017,0.0069805911513294
xgboost,test,iv_x15_t03,422,0.010671514505777,0.0074391328905834
xgboost,test,iv_x15_t04,422,0.0108794556340065,0.0078898133129017
xgboost,test,iv_x15_t05,422,0.0114933123158958,0.0083246147728043
xgboost,test,iv_x15_t06,422,0.0136598563901003,0.009821513373361
xgboost,test,iv_x15_t07,422,0.0124388651694435,0.0087593683804841
xgboost,test,iv_x15_t08,422,0.0129894065492142,0.0091985029754386
xgboost,test,iv_x15_t09,422,0.0104239934621121,0.0075747170727184
xgboost,test,iv_x15_t10,422,0.0110372283081716,0.0080805142867997
xgboost,test,iv_x15_t11,422,0.0125381689598262,0.0091828494295138
xgboost,test,iv_x15_t12,422,0.0128990986543513,0.0090630881083397
xgboost,test,iv_x15_t13,422,0.0131106999195714,0.0092712137241873
xgboost,test,iv_x15_t14,422,0.0143885476260552,0.0099433127951638
xgboost,test,iv_x15_t15,422,0.0139811511467315,0.0101000481240092
xgboost,test,iv_x15_t16,422,0.0150241006748999,0.0108601456873969
xgboost,test,iv_x15_t17,422,0.0150980067650104,0.0104521576700321
xgboost,test,iv_x15_t18,278,0.0151662205259842,0.0096303291058733
xgboost,test,iv_x16_t01,422,0.0085569853447282,0.0056608497266593
xgboost,test,iv_x16_t02,422,0.0087473879602799,0.0061736324528054
xgboost,test,iv_x16_t03,422,0.0099547805030091,0.006868349848811
xgboost,test,iv_x16_t04,422,0.0099079458666543,0.007088969287588
xgboost,test,iv_x16_t05,422,0.0103247141390594,0.0075256934264395
xgboost,test,iv_x16_t06,422,0.0110133336950524,0.0083756796306879
xgboost,test,iv_x16_t07,422,0.0110659050724909,0.0082546398269283
xgboost,test,iv_x16_t08,422,0.0116197263347912,0.008762638248677
xgboost,test,iv_x16_t09,422,0.011887719362542,0.0088380001429764
xgboost,test,iv_x16_t10,422,0.0111647602592101,0.0083791839413642
xgboost,test,iv_x16_t11,422,0.0131661396725107,0.0096000644941991
xgboost,test,iv_x16_t12,422,0.0138380460447322,0.0096601003637554
xgboost,test,iv_x16_t13,422,0.014408439137543,0.0102473101482142
xgboost,test,iv_x16_t14,422,0.0150493881237734,0.0109394416593709
xgboost,test,iv_x16_t15,422,0.0142287404511284,0.0098676567436708
xgboost,test,iv_x16_t16,422,0.0154821365209878,0.0108118731386168
xgboost,test,iv_x16_t17,422,0.0158308133206152,0.0108516879060855
xgboost,test,iv_x16_t18,278,0.0145122791048287,0.0092582820924707
xgboost,test,iv_x17_t01,422,0.0074624972730107,0.0049664177132914
xgboost,test,iv_x17_t02,422,0.0078828937880681,0.0054464763069218
xgboost,test,iv_x17_t03,422,0.0084761512573492,0.0060074954417081
xgboost,test,iv_x17_t04,422,0.0083337876249454,0.0061600616803627
xgboost,test,iv_x17_t05,422,0.0088957222090607,0.0067683631013697
xgboost,test,iv_x17_t06,422,0.0092654545218645,0.007201403229866
xgboost,test,iv_x17_t07,422,0.0102634028407206,0.0077653279505115
xgboost,test,iv_x17_t08,422,0.0114017114352188,0.008523651626293
xgboost,test,iv_x17_t09,422,0.0114024769303829,0.0084888939739026
xgboost,test,iv_x17_t10,422,0.0115942581217768,0.0085607329017476
xgboost,test,iv_x17_t11,422,0.0123342698408088,0.0090073290878179
xgboost,test,iv_x17_t12,422,0.0140528509066715,0.0100003032997273
xgboost,test,iv_x17_t13,422,0.0151805867195426,0.0101750567516159
xgboost,test,iv_x17_t14,422,0.0147241064118593,0.0104860322991188
xgboost,test,iv_x17_t15,422,0.015832521830523,0.0108990572070937
xgboost,test,iv_x17_t16,422,0.0173151156078413,0.0128494778076945
xgboost,test,iv_x17_t17,422,0.0165322721431556,0.0119912827177979
xgboost,test,iv_x17_t18,278,0.0135400582465985,0.0098395815582913
xgboost,test,iv_x18_t01,422,0.0065456787642203,0.0046543877357213
xgboost,test,iv_x18_t02,422,0.007020876423302,0.0048760540761122
xgboost,test,iv_x18_t03,422,0.0069522051802165,0.0051052426387827
xgboost,test,iv_x18_t04,422,0.0071644267849623,0.0053251518588798
xgboost,test,iv_x18_t05,422,0.0079224261481483,0.0059189951053471
xgboost,test,iv_x18_t06,422,0.0083755861768935,0.0061806159889527
xgboost,test,iv_x18_t07,422,0.0090265401123461,0.006768130892874
xgboost,test,iv_x18_t08,422,0.0094663932618207,0.0072547453406959
xgboost,test,iv_x18_t09,422,0.0099785036236819,0.0078612863446042
xgboost,test,iv_x18_t10,422,0.0108714667634372,0.0085882730378339
xgboost,test,iv_x18_t11,422,0.0124775989751959,0.0090668178929765
xgboost,test,iv_x18_t12,422,0.0136371388014438,0.0098368985875532
xgboost,test,iv_x18_t13,422,0.0134958461262291,0.0097178237418562
xgboost,test,iv_x18_t14,422,0.0123887414944185,0.0094519760551911
xgboost,test,iv_x18_t15,422,0.0138839102575436,0.0104000917962943
xgboost,test,iv_x18_t16,422,0.0151435017045606,0.0112207310324504
xgboost,test,iv_x18_t17,420,0.0157653339206163,0.011870322299174
xgboost,test,iv_x18_t18,278,0.013755328455575,0.0102727839769643
xgboost,test,iv_x19_t01,393,0.0087049113853928,0.006904306946454
xgboost,test,iv_x19_t02,422,0.0084637109664053,0.0065832610212622
xgboost,test,iv_x19_t03,422,0.0066885881977099,0.0048213545107693
xgboost,test,iv_x19_t04,422,0.0067185469893533,0.0049910893209616
xgboost,test,iv_x19_t05,422,0.0068873563651845,0.0053933228891406
xgboost,test,iv_x19_t06,422,0.007559105638216,0.0059002525498605
xgboost,test,iv_x19_t07,422,0.0079000599469946,0.0061616702169794
xgboost,test,iv_x19_t08,422,0.0087228062836912,0.0068084222595628
xgboost,test,iv_x19_t09,422,0.0091035408863904,0.0072046088681658
xgboost,test,iv_x19_t10,422,0.0095216757723357,0.0074616819109477
xgboost,test,iv_x19_t11,422,0.0112207278257639,0.0085121491242518
xgboost,test,iv_x19_t12,422,0.0119165216664408,0.0089739582619067
xgboost,test,iv_x19_t13,422,0.0115539239340654,0.0090304973796282
xgboost,test,iv_x19_t14,422,0.0126998565446889,0.0096876972357394
xgboost,test,iv_x19_t15,422,0.0130375399001188,0.0100795601215567
xgboost,test,iv_x19_t16,422,0.0144132064311804,0.0107247609051911
xgboost,test,iv_x19_t17,420,0.0154900994400812,0.0115338493125613
xgboost,test,iv_x19_t18,276,0.0162580837219002,0.0118561578482748
xgboost,test,iv_x20_t01,251,0.019495579258529,0.0138850387519203
xgboost,test,iv_x20_t02,409,0.0089134947727387,0.0074141902590649
xgboost,test,iv_x20_t03,422,0.0060129376411109,0.0046649435497499
xgboost,test,iv_x20_t04,422,0.0063883311973353,0.0048765836314341
xgboost,test,iv_x20_t05,422,0.0063790078907731,0.0049422781891999
xgboost,test,iv_x20_t06,422,0.0067643885017096,0.0052447131210242
xgboost,test,iv_x20_t07,422,0.0072329345843162,0.0057845392778671
xgboost,test,iv_x20_t08,422,0.0076558937665151,0.0060033016500946
xgboost,test,iv_x20_t09,422,0.0080549334952619,0.0063835111859189
xgboost,test,iv_x20_t10,422,0.0086018825425747,0.0069848534776268
xgboost,test,iv_x20_t11,422,0.0093001428741142,0.0074349404829341
xgboost,test,iv_x20_t12,422,0.0097776013459249,0.007702344081654
xgboost,test,iv_x20_t13,422,0.0104008410000732,0.008201234227101
xgboost,test,iv_x20_t14,422,0.010813882893707,0.0087352539831528
xgboost,test,iv_x20_t15,422,0.011231992624657,0.0090281669528079
xgboost,test,iv_x20_t16,422,0.0122946525525717,0.0099388927776915
xgboost,test,iv_x20_t17,415,0.0129163421310349,0.0103335591549013
xgboost,test,iv_x20_t18,273,0.0139464594707945,0.0109168755878835
xgboost,test,iv_x21_t01,119,0.0376799635221,0.0304436020262385
xgboost,test,iv_x21_t02,310,0.0166643466109194,0.0124548867921697
xgboost,test,iv_x21_t03,412,0.009268508240865,0.0078419863105845
xgboost,test,iv_x21_t04,422,0.0067365373314034,0.0055508274899001
xgboost,test,iv_x21_t05,422,0.0062287981506367,0.0049857801592596
xgboost,test,iv_x21_t06,422,0.0062568650190807,0.004957256645608
xgboost,test,iv_x21_t07,422,0.0065510563328636,0.0052867478936431
xgboost,test,iv_x21_t08,422,0.0071445111108486,0.0057680301379605
xgboost,test,iv_x21_t09,422,0.0078357386151137,0.0063037593203481
xgboost,test,iv_x21_t10,422,0.0078591328915758,0.0063932816250248
xgboost,test,iv_x21_t11,422,0.0086762873023456,0.0069919832647211
xgboost,test,iv_x21_t12,422,0.0091408541401875,0.0074175298822044
xgboost,test,iv_x21_t13,422,0.009515677648759,0.0075871425108078
xgboost,test,iv_x21_t14,422,0.0098537277350626,0.0077901068020208
xgboost,test,iv_x21_t15,422,0.0105175112755967,0.0083718215467774
xgboost,test,iv_x21_t16,421,0.0109201147235459,0.0088084228177157
xgboost,test,iv_x21_t17,408,0.0115949410248055,0.0092761210854527
xgboost,test,iv_x21_t18,260,0.0131439205475705,0.0103169723407387
xgboost,test,iv_x22_t01,47,0.0364945666260727,0.0303514054875312
xgboost,test,iv_x22_t02,141,0.0352866432063969,0.0288396392817635
xgboost,test,iv_x22_t03,291,0.016619202290436,0.0118042442105696
xgboost,test,iv_x22_t04,395,0.0078148933439142,0.0056226105322987
xgboost,test,iv_x22_t05,421,0.0079790445935162,0.0067952606675579
xgboost,test,iv_x22_t06,422,0.0062598800990807,0.005037649786589
xgboost,test,iv_x22_t07,422,0.0072368869553508,0.0057718384999534
xgboost,test,iv_x22_t08,422,0.0065982107292025,0.0053449070277315
xgboost,test,iv_x22_t09,422,0.0070360338104753,0.0056863301459208
xgboost,test,iv_x22_t10,422,0.0073891482046562,0.0060683496993304
xgboost,test,iv_x22_t11,422,0.007652109809079,0.0061811389601883
xgboost,test,iv_x22_t12,422,0.0082570371364617,0.0066971576047208
xgboost,test,iv_x22_t13,422,0.0086472872825625,0.0070172351626725
xgboost,test,iv_x22_t14,422,0.0093578265408976,0.0076773134012071
xgboost,test,iv_x22_t15,422,0.0097243830549982,0.0077929617471989
xgboost,test,iv_x22_t16,415,0.0102181287371336,0.0081084461861353
xgboost,test,iv_x22_t17,387,0.010893215744741,0.0086413397399441
xgboost,test,iv_x22_t18,227,0.0122525236666485,0.0095561721723191
xgboost,test,iv_x23_t01,20,0.0266358136512409,0.0197289497914186
xgboost,test,iv_x23_t02,43,0.044193516892552,0.0366025946825525
xgboost,test,iv_x23_t03,121,0.0338185148177806,0.0271208740479637
xgboost,test,iv_x23_t04,229,0.0193172732131548,0.0138069726326115
xgboost,test,iv_x23_t05,332,0.0097195336430166,0.0065728325230921
xgboost,test,iv_x23_t06,390,0.0088979177449951,0.007266008693596
xgboost,test,iv_x23_t07,409,0.0080051553677237,0.0065804810997539
xgboost,test,iv_x23_t08,414,0.0068504044895791,0.0054919817430528
xgboost,test,iv_x23_t09,420,0.0086490642445807,0.0071946827003667
xgboost,test,iv_x23_t10,420,0.007962782218625,0.006645035604462
xgboost,test,iv_x23_t11,420,0.0075847654769758,0.0062333040895889
xgboost,test,iv_x23_t12,420,0.008026731093403,0.0065076043847993
xgboost,test,iv_x23_t13,420,0.0087379155107343,0.0071052897588579
xgboost,test,iv_x23_t14,419,0.0094050168097084,0.0076719480648566
xgboost,test,iv_x23_t15,407,0.0094373754894402,0.0076213368735297
xgboost,test,iv_x23_t16,384,0.0102231449948095,0.0081486685494832
xgboost,test,iv_x23_t17,303,0.010911035244079,0.008411985031161
xgboost,test,iv_x23_t18,166,0.0156522498210124,0.0126071792706242
