quote_date,total_delta_before,total_gamma_before,hedge_underlying_units_delta_only,hedge_option_contract_key,hedge_option_type,hedge_option_strike,hedge_option_expiration,hedge_option_price_t,hedge_option_price_tplus1,hedge_option_delta,hedge_option_gamma,hedge_option_units,hedge_underlying_units_delta_gamma,residual_delta_after_hedge,residual_gamma_after_hedge,hedge_status
2023-04-24,0.0681521148330953,-4.202508625088937e-06,-0.0681521148330953,^SPX|SPX|2023-06-16|4135.000000|C,C,4135.0,2023-06-16,106.9,80.25,0.5571594981228558,0.0016909821414723,0.0024852471957094,-0.069536793913368,0.0,0.0,hedged
2023-04-25,0.2208880576175736,8.71339813694064e-05,-0.2208880576175736,^SPX|SPX|2023-06-16|4075.000000|C,C,4075.0,2023-06-16,117.05,99.5,0.544292842277553,0.0014832304818106,-0.0587460832540574,-0.1889129849905489,0.0,0.0,hedged
2023-04-26,0.2372825904894188,1.0061576744238883e-06,-0.2372825904894188,^SPX|SPX|2023-06-16|4050.000000|C,C,4050.0,2023-06-16,115.4,162.7,0.5524672712330378,0.0015405048214439,-0.0006531350375656,-0.2369217547574682,0.0,0.0,hedged
2023-04-27,0.2894872545298599,-2.596479620284844e-05,-0.2894872545298599,^SPX|SPX|2023-06-16|4135.000000|C,C,4135.0,2023-06-16,102.6,116.6,0.5496822428244335,0.0017282971503413,0.0150233402848115,-0.2977453179123298,0.0,0.0,hedged
2023-04-28,-0.0021459469252752,-5.568532742861488e-05,0.0021459469252752,^SPX|SPX|2023-06-16|4165.000000|P,P,4165.0,2023-06-16,78.8,75.44999999999999,-0.47152785432944,0.0018946699965783,0.029390515250244,0.0160043935188594,0.0,0.0,hedged
2023-05-01,-0.0174072245673601,-0.0001015363182172,0.0174072245673601,^SPX|SPX|2023-06-16|4165.000000|P,P,4165.0,2023-06-16,75.44999999999999,99.7,-0.4414539824785723,0.0017801920106994,0.0570367227843626,0.0425863129880433,0.0,0.0,hedged
2023-05-02,-0.0781484630148302,7.006051181945261e-05,0.0781484630148302,^SPX|SPX|2023-06-16|4120.000000|P,P,4120.0,2023-06-16,82.85,95.55,-0.4477535386947527,0.0016644843939355,-0.0420914200666058,0.05930188073132,0.0,0.0,hedged
2023-05-03,0.1484792880766625,4.5374182825757744e-05,-0.1484792880766625,^SPX|SPX|2023-06-16|4095.000000|C,C,4095.0,2023-06-16,102.95,87.0,0.5509272521702062,0.0017279319942936,-0.0262592410902759,-0.1340123565387218,0.0,0.0,hedged
2023-05-04,0.2123264578885057,3.5612040906154214e-05,-0.2123264578885057,^SPX|SPX|2023-06-16|4065.000000|C,C,4065.0,2023-06-16,105.7,146.6,0.5190295161433539,0.0015300944777007,-0.0232744065318559,-0.2002463539277527,0.0,0.0,hedged
2023-05-05,-0.4059961208365432,-2.245262836523116e-05,0.4059961208365432,^SPX|SPX|2023-06-16|4140.000000|P,P,4140.0,2023-06-16,77.9,74.8,-0.4549516291055384,0.0018115411976722,0.012394213498474,0.4116348884591558,0.0,0.0,hedged
2023-05-08,-0.1397622582818494,-0.0001807343957109,0.1397622582818494,^SPX|SPX|2023-06-16|4140.000000|P,P,4140.0,2023-06-16,74.8,83.0,-0.4491439557238743,0.0018463207913797,0.0978889457101538,0.1837284865797474,0.0,0.0,hedged
2023-05-09,0.0556067248644869,0.0001424089811066,-0.0556067248644869,^SPX|SPX|2023-06-16|4120.000000|P,P,4120.0,2023-06-16,76.0,63.5,-0.4549448497740389,0.0018554203482431,-0.0767529477842804,-0.090525083163921,0.0,0.0,hedged
2023-05-10,0.2970031562392201,9.112582530934642e-05,-0.2970031562392201,^SPX|SPX|2023-06-16|4145.000000|P,P,4145.0,2023-06-16,71.4,76.75,-0.4529675106411541,0.0019579588186374,-0.0465412369463225,-0.3180848244809559,0.0,0.0,hedged
2023-05-11,0.0546570122065475,6.3188520435226096e-06,-0.0546570122065475,^SPX|SPX|2023-06-16|4125.000000|C,C,4125.0,2023-06-16,84.45,77.15,0.5116039731428489,0.001887377124324,-0.0033479541327945,-0.0529441855703097,0.0,0.0,hedged
2023-05-12,-0.1033450673959683,-0.000102428293412,0.1033450673959683,^SPX|SPX|2023-06-16|4120.000000|P,P,4120.0,2023-06-16,69.5,59.6,-0.497644000087902,0.0023276760278238,0.0440045316391212,0.1252436585428552,0.0,1.3552527156068804e-20,hedged
2023-05-15,-0.0106312248241961,-4.6924801899045e-05,0.0106312248241961,^SPX|SPX|2023-06-16|4135.000000|C,C,4135.0,2023-06-16,75.45,68.45,0.5204958856392173,0.0021804272599242,0.021520920583553,-0.0005703257947116,0.0,0.0,hedged
2023-05-16,-0.0338736360287728,-3.4147857826331856e-05,0.0338736360287728,^SPX|SPX|2023-06-16|4120.000000|P,P,4120.0,2023-06-16,64.2,48.6,-0.4551474840298196,0.0021880414433242,0.0156065863974,0.0409769345618434,0.0,0.0,hedged
2023-05-17,0.0853200090764408,7.465278594345398e-05,-0.0853200090764408,^SPX|SPX|2023-06-16|4155.000000|C,C,4155.0,2023-06-16,73.35,96.0,0.513444162028978,0.0021963624781267,-0.0339892830472707,-0.0678684101242691,0.0,0.0,hedged
2023-05-18,-0.1412830758580004,0.0001437928396678,0.1412830758580004,^SPX|SPXW|2023-06-30|4195.000000|C,C,4195.0,2023-06-30,86.9,86.6,0.5101739975626838,0.0018250837383399,-0.0787869820146369,0.181478145428307,0.0,0.0,hedged
2023-05-19,-0.0087320575928177,8.487512013943723e-07,0.0087320575928177,^SPX|SPXW|2023-06-30|4190.000000|C,C,4190.0,2023-06-30,89.94999999999999,89.4,0.5615745819118931,0.0020455035975651,-0.0004149350812214,0.0089650745875751,0.0,0.0,hedged
2023-05-22,0.1875281014361544,-6.276600449379884e-05,-0.1875281014361544,^SPX|SPX|2023-07-21|4195.000000|P,P,4195.0,2023-07-21,85.55,103.15,-0.4606968416195904,0.0016855806585887,0.0372370222534171,-0.1703731228926867,0.0,0.0,hedged
2023-05-23,0.0482060175900667,-9.33766987563754e-05,-0.0482060175900667,^SPX|SPX|2023-07-21|4155.000000|P,P,4155.0,2023-07-21,89.2,106.4,-0.4399155702818528,0.0015056677547189,0.0620168018234564,-0.0209238608488441,0.0,0.0,hedged
2023-05-24,0.0518585500639691,-1.6690400838911438e-05,-0.0518585500639691,^SPX|SPX|2023-07-21|4120.000000|P,P,4120.0,2023-07-21,94.4,77.3,-0.4411035728844944,0.0014325455396248,0.0116508692933296,-0.0467193099914711,0.0,0.0,hedged
2023-05-25,0.4450776526020092,-3.0558570975339926e-05,-0.4450776526020092,^SPX|SPX|2023-07-21|4160.000000|P,P,4160.0,2023-07-21,89.0,70.25,-0.4417672409305081,0.0015189106799737,0.0201187412651995,-0.4361898517822872,0.0,0.0,hedged
2023-05-26,-0.0488193924552595,-5.1914577488886766e-05,0.0488193924552595,^SPX|SPXW|2023-06-30|4210.000000|C,C,4210.0,2023-06-30,82.25,75.25,0.5374674908192144,0.0020989269237335,0.0247338661017042,0.035525743503318,0.0,0.0,hedged
2023-05-30,0.0405031371206019,3.78283274141785e-05,-0.0405031371206019,^SPX|SPXW|2023-06-30|4205.000000|C,C,4205.0,2023-06-30,78.5,66.65,0.5410839735678142,0.0022250860650034,-0.0170008378593302,-0.0313042562176933,0.0,0.0,hedged
2023-05-31,0.0223435070528201,7.674406016749784e-05,-0.0223435070528201,^SPX|SPX|2023-07-21|4195.000000|P,P,4195.0,2023-07-21,77.45,65.25,-0.4921273113136487,0.0020566933139139,-0.0373142945758164,-0.0407068905159821,0.0,0.0,hedged
2023-06-01,0.3815790013678561,6.692777103601523e-06,-0.3815790013678561,^SPX|SPXW|2023-07-21|4215.000000|C,C,4215.0,2023-07-21,97.2,139.5,0.5146625461318743,0.0016476121613559,-0.0040621071272582,-0.3794883869710809,0.0,0.0,hedged
2023-06-02,-0.0211727515201024,-1.5598088889231908e-05,0.0211727515201024,^SPX|SPXW|2023-07-21|4285.000000|C,C,4285.0,2023-07-21,90.0,83.4,0.5505761396889007,0.0019849928976687,0.0078580074052408,0.016846320137278,0.0,0.0,hedged
2023-06-05,-0.2870916584329541,-0.000285856114566,0.2870916584329541,^SPX|SPXW|2023-08-18|4280.000000|C,C,4280.0,2023-08-18,121.2,119.6,0.5726507944840337,0.0015468033230145,0.1848044352587095,0.1812632517578809,0.0,0.0,hedged
2023-06-06,-0.1002745281245969,-0.0001055452936718,0.1002745281245969,^SPX|SPXW|2023-07-07|4285.000000|P,P,4285.0,2023-07-07,50.0,54.5,-0.452736618776912,0.0027675203632691,0.0381371335411328,0.1175406050138529,0.0,0.0,hedged
2023-06-07,0.0792428038228326,6.42214760682782e-05,-0.0792428038228326,^SPX|SPXW|2023-07-21|4270.000000|C,C,4270.0,2023-07-21,80.7,95.35,0.5542503319469991,0.0022439957576406,-0.028619250214538,-0.0633805748913506,0.0,0.0,hedged
2023-06-08,0.1811476988167359,3.492281969435204e-05,-0.1811476988167359,^SPX|SPX|2023-07-21|4295.000000|C,C,4295.0,2023-07-21,77.80000000000001,81.25,0.5329691334809192,0.0021935430700102,-0.0159207358049227,-0.1726624380504076,0.0,0.0,hedged
2023-06-09,-0.2081833968217356,4.796427216152773e-05,0.2081833968217356,^SPX|SPX|2023-07-21|4300.000000|C,C,4300.0,2023-07-21,77.95,103.0,0.5655437953701009,0.0023961104247151,-0.0200175549785977,0.2195042008383614,0.0,0.0,hedged
2023-06-12,0.0230578159782212,-0.000111366056042,-0.0230578159782212,^SPX|SPX|2023-07-21|4335.000000|C,C,4335.0,2023-07-21,79.2,95.6,0.5697012019155457,0.0023841984751479,0.0467100609294229,-0.0496685938312618,0.0,0.0,hedged
2023-06-13,0.1756436722101714,0.0001592357756243,-0.1756436722101714,^SPX|SPXW|2023-07-31|4365.000000|C,C,4365.0,2023-07-31,88.55,86.8,0.555669703035303,0.0020481691732626,-0.0777454214734827,-0.1324428969476468,0.0,0.0,hedged
2023-06-14,0.1103224607708842,-3.681881176643661e-05,-0.1103224607708842,^SPX|SPXW|2023-07-31|4365.000000|C,C,4365.0,2023-07-31,86.8,131.1,0.4996274227962976,0.0017681982382523,0.020822785007877,-0.1207260951798111,0.0,0.0,hedged
2023-06-15,-0.0262070437596902,-3.734056459331286e-05,0.0262070437596902,^SPX|SPX|2023-07-21|4430.000000|C,C,4430.0,2023-07-21,73.69999999999999,63.4,0.5077986418728618,0.0021510658099229,0.0173590991131281,0.0173921168059073,0.0,0.0,hedged
2023-06-16,-0.4449528680814015,-0.0001470769702839,0.4449528680814015,^SPX|SPXW|2023-07-21|4415.000000|C,C,4415.0,2023-07-21,72.85,56.95,0.5603013382692298,0.0025354114037696,0.058009114444002,0.4124502836266143,0.0,0.0,hedged
2023-06-20,0.2123278049597809,1.400912169447944e-05,-0.2123278049597809,^SPX|SPXW|2023-07-21|4395.000000|C,C,4395.0,2023-07-21,68.44999999999999,51.15,0.5500430576915493,0.0026292889395733,-0.0053281027747193,-0.2093971190178794,0.0,0.0,hedged
2023-06-21,0.2141364120809076,7.354562441648259e-05,-0.2141364120809076,^SPX|SPX|2023-07-21|4370.000000|C,C,4370.0,2023-07-21,64.80000000000001,64.5,0.5389015499999679,0.0026944273768607,-0.0272954561878631,-0.1994268484333119,0.0,0.0,hedged
2023-06-22,0.112163112990597,4.757775866758444e-05,-0.112163112990597,^SPX|SPX|2023-08-18|4375.000000|C,C,4375.0,2023-08-18,98.2,83.1,0.5491704831522655,0.0018070764345539,-0.0263285812142907,-0.0977042333244313,0.0,0.0,hedged
2023-06-23,-0.0493106064323659,0.0001127299546868,0.0493106064323659,^SPX|SPX|2023-09-15|4355.000000|C,C,4355.0,2023-09-15,128.25,115.55,0.5868339714780071,0.0015123146726792,-0.074541335029887,0.0930539941072272,0.0,0.0,hedged
2023-06-26,0.0025501375863247,4.713570445401039e-05,-0.0025501375863247,^SPX|SPXW|2023-07-31|4340.000000|P,P,4340.0,2023-07-31,54.15,38.05,-0.4480500026597039,0.0025161173535406,-0.0187335079533083,-0.0109436858746301,0.0,0.0,hedged
2023-06-27,-0.0085106303596548,-1.788495379108214e-05,0.0085106303596548,^SPX|SPX|2023-09-15|4380.000000|C,C,4380.0,2023-09-15,124.4,113.25,0.5970797941170911,0.0016003948798934,0.0111753380467402,0.0018380618195182,0.0,0.0,hedged
2023-06-28,0.1512371587732076,0.0001652854987947,-0.1512371587732076,^SPX|SPX|2023-09-15|4370.000000|P,P,4370.0,2023-09-15,80.94999999999999,75.8,-0.4126349479305906,0.0014859553824464,-0.1112318046337178,-0.1971352886864674,0.0,0.0,hedged
2023-06-29,0.0529796280425291,-5.4010956670478e-05,-0.0529796280425291,^SPX|SPX|2023-09-15|4390.000000|P,P,4390.0,2023-09-15,82.0,60.85,-0.4546622677149517,0.0017155971034283,0.0314823081494741,-0.0386658104263882,0.0,0.0,hedged
2023-06-30,-0.0347208127119809,9.678176636501743e-05,0.0347208127119809,^SPX|SPX|2023-09-15|4455.000000|C,C,4455.0,2023-09-15,117.15,115.8,0.5770737024454179,0.001621965203099,-0.0596694467798051,0.0691544812880728,0.0,0.0,hedged
2023-07-03,0.0018245415521893,-0.0001563500414807,-0.0018245415521893,^SPX|SPX|2023-09-15|4455.000000|C,C,4455.0,2023-09-15,115.8,114.6,0.5691421592289377,0.0016084031898895,0.0972082388691573,-0.0571498485170238,0.0,0.0,hedged
2023-07-05,0.0544131870618779,3.991781749523134e-05,-0.0544131870618779,^SPX|SPX|2023-09-15|4450.000000|C,C,4450.0,2023-09-15,117.9,96.25,0.5374796309247197,0.0014459017109201,-0.0276075594860651,-0.0395746861785753,0.0,0.0,hedged
2023-07-06,0.0691627201214156,0.0001389302618449,-0.0691627201214156,^SPX|SPX|2023-09-15|4410.000000|C,C,4410.0,2023-09-15,121.6,117.85,0.5539897882057122,0.0014671254991483,-0.094695553942417,-0.0167023502488333,0.0,0.0,hedged
2023-07-07,0.1539412879729027,4.895469736604815e-05,-0.1539412879729027,^SPX|SPX|2023-09-15|4410.000000|P,P,4410.0,2023-09-15,83.8,85.5,-0.4670776549730095,0.0017527880918812,-0.0279296154468418,-0.1669865872601115,0.0,0.0,hedged
2023-07-10,-0.1737141838744317,-0.0001223695721,0.1737141838744317,^SPX|SPX|2023-09-15|4400.000000|C,C,4400.0,2023-09-15,119.25,137.45,0.5826849540941832,0.0016154843347098,0.0757479162569401,0.1295770127675264,0.0,0.0,hedged
2023-07-11,0.1228116490110294,9.355412932755183e-05,-0.1228116490110294,^SPX|SPX|2023-09-15|4435.000000|C,C,4435.0,2023-09-15,113.55,136.55,0.5688735501030698,0.001641146731569,-0.05700534116051,-0.0903828182102134,0.0,0.0,hedged
2023-07-12,0.1243090280769572,0.0001279459016163,-0.1243090280769572,^SPX|SPX|2023-09-15|4475.000000|C,C,4475.0,2023-09-15,108.75,135.55,0.5774737403878095,0.0017548301679919,-0.0729107032407072,-0.0822050115622404,0.0,0.0,hedged
2023-07-13,0.1495497067866173,2.483858371417316e-05,-0.1495497067866173,^SPX|SPX|2023-09-15|4515.000000|P,P,4515.0,2023-09-15,72.0,76.85,-0.4431503198642559,0.0018672813295029,-0.0133020039999998,-0.1554444941140528,0.0,0.0,hedged
2023-07-14,0.0608207723188525,7.491571594279182e-05,-0.0608207723188525,^SPX|SPX|2023-09-15|4505.000000|P,P,4505.0,2023-09-15,73.35,64.9,-0.4311368812726884,0.0017552539559699,-0.0426808415317844,-0.0792220572269598,0.0,0.0,hedged
2023-07-17,0.0914992627979285,-5.922932582116231e-05,-0.0914992627979285,^SPX|SPX|2023-08-18|4525.000000|C,C,4525.0,2023-08-18,69.9,89.4,0.5690755634511444,0.002707735003594,0.0218741220032776,-0.1039472911019427,0.0,0.0,hedged
2023-07-18,0.2402975365894779,0.0001689628441631,-0.2402975365894779,^SPX|SPX|2023-08-18|4560.000000|C,C,4560.0,2023-08-18,66.9,72.25,0.5584231653960362,0.0027550685247029,-0.0613280006098285,-0.2060505603615274,0.0,0.0,hedged
2023-07-19,0.3096506728295174,0.0002998522424054,-0.3096506728295174,^SPX|SPX|2023-09-15|4570.000000|C,C,4570.0,2023-09-15,102.3,80.5,0.5736911947458763,0.0018531567418054,-0.1618061956881581,-0.2168238831078929,0.0,0.0,hedged
2023-07-20,0.2565365611084683,0.0001330853749624,-0.2565365611084683,^SPX|SPX|2023-09-15|4535.000000|P,P,4535.0,2023-09-15,73.4,69.3,-0.4510254890237137,0.00188608867893,-0.0705615682068035,-0.288361626915222,0.0,0.0,hedged
2023-07-21,0.140779003351994,7.999100390790957e-05,-0.140779003351994,^SPX|SPX|2023-09-15|4535.000000|P,P,4535.0,2023-09-15,69.3,61.95,-0.4185904090840349,0.001766890605442,-0.0452721881374748,-0.159729507104589,0.0,0.0,hedged
2023-07-24,0.0158336749087633,-0.0001234685374931,-0.0158336749087633,^SPX|SPX|2023-09-15|4555.000000|P,P,4555.0,2023-09-15,68.6,62.6,-0.43197441933907,0.0018792436119979,0.0657011878102542,0.0125475575454584,0.0,0.0,hedged
2023-07-25,0.091515790142435,4.782845154038276e-05,-0.091515790142435,^SPX|SPX|2023-09-15|4570.000000|C,C,4570.0,2023-09-15,96.85,88.75,0.5758952531252594,0.0019716926888722,-0.0242575589037351,-0.0775459771173675,0.0,0.0,hedged
2023-07-26,0.0344453121255316,0.0001102817652657,-0.0344453121255316,^SPX|SPX|2023-09-15|4565.000000|P,P,4565.0,2023-09-15,63.7,81.85,-0.4241798448772106,0.001959922890359,-0.0562684204609185,-0.0583132419881296,0.0,0.0,hedged
2023-07-27,-0.0570944219224841,2.946612618471577e-05,0.0570944219224841,^SPX|SPX|2023-09-15|4535.000000|P,P,4535.0,2023-09-15,70.45,50.15,-0.4485763501337002,0.0019465997233241,-0.0151372292062165,0.0503042188940222,0.0,0.0,hedged
2023-07-28,-0.0527424942152631,0.0001286502794478,0.0527424942152631,^SPX|SPX|2023-09-15|4580.000000|C,C,4580.0,2023-09-15,88.0,86.30000000000001,0.5377680126159671,0.0019626334221765,-0.0655498260623344,0.087993093904127,0.0,0.0,hedged
2023-07-31,-0.0471604667996163,0.0002307569352468,0.0471604667996163,^SPX|SPX|2023-09-15|4575.000000|C,C,4575.0,2023-09-15,89.45,88.19999999999999,0.5700736997921916,0.0021081433695657,-0.1094597922409508,0.1095606155408998,0.0,0.0,hedged
2023-08-01,-0.0545222096557782,-2.929447035615847e-05,0.0545222096557782,^SPX|SPX|2023-09-15|4575.000000|C,C,4575.0,2023-09-15,88.19999999999999,60.3,0.5664218219761183,0.0021190278454503,0.0138244857985488,0.0466917192218811,0.0,0.0,hedged
2023-08-02,0.2012520276550936,0.0001272511464748,-0.2012520276550936,^SPX|SPX|2023-09-15|4515.000000|P,P,4515.0,2023-09-15,74.1,76.6,-0.4418881227284465,0.0018100982919168,-0.0703006831413813,-0.2323170645549659,0.0,0.0,hedged
2023-08-03,0.2839135425556978,0.0001558626245875,-0.2839135425556978,^SPX|SPX|2023-09-15|4505.000000|C,C,4505.0,2023-09-15,92.05,77.45,0.5493169940505994,0.001936264467779,-0.0804965577694443,-0.2396954154103662,0.0,0.0,hedged
2023-08-04,0.1589139332885711,-5.358015568354022e-05,-0.1589139332885711,^SPX|SPX|2023-09-15|4475.000000|C,C,4475.0,2023-09-15,95.7,112.1,0.5440671852573614,0.0018324425892453,0.0292397458987278,-0.1748223195373324,0.0,0.0,hedged
2023-08-07,0.0798625400754291,4.326317474554822e-05,-0.0798625400754291,^SPX|SPX|2023-09-15|4510.000000|P,P,4510.0,2023-09-15,67.2,71.55000000000001,-0.4423425279893945,0.0019936663228911,-0.021700308747157,-0.0894615095047969,0.0,0.0,hedged
2023-08-08,0.1433417408886086,-1.7470217292465224e-05,-0.1433417408886086,^SPX|SPX|2023-09-15|4500.000000|P,P,4500.0,2023-09-15,67.85,74.85,-0.442980641641397,0.0019802201255002,0.008822361245345,-0.1394336056433534,0.0,0.0,hedged
2023-08-09,0.190295652842369,2.107423204721041e-05,-0.190295652842369,^SPX|SPX|2023-09-15|4480.000000|P,P,4480.0,2023-09-15,67.25,75.9,-0.4562947400848271,0.0020944840313179,-0.0100617773791045,-0.1948867889363588,0.0,0.0,hedged
2023-08-10,0.1174668775873501,5.4636969680222914e-05,-0.1174668775873501,^SPX|SPX|2023-09-15|4465.000000|P,P,4465.0,2023-09-15,70.1,62.65,-0.4786405797112683,0.0021697808854711,-0.0251808696657211,-0.1295194636417848,0.0,0.0,hedged
2023-08-11,-0.1558282197412892,-1.965888194856816e-05,0.1558282197412892,^SPX|SPX|2023-09-15|4465.000000|C,C,4465.0,2023-09-15,80.55,88.0,0.5256679858287221,0.0020741673055304,0.0094779634681111,0.1508459577752489,0.0,0.0,hedged
2023-08-14,-0.073139771547475,-6.878701778884478e-05,0.073139771547475,^SPX|SPX|2023-09-15|4485.000000|P,P,4485.0,2023-09-15,59.5,88.25,-0.4586113186539809,0.0023803247393837,0.0288981653010313,0.0863927972428616,0.0,0.0,hedged
2023-08-15,-0.15194207434471,-0.0001005721227619,0.15194207434471,^SPX|SPX|2023-09-15|4435.000000|P,P,4435.0,2023-09-15,66.25,74.3,-0.4820168482628101,0.0023190088492666,0.0433685808459529,0.1728464609977071,0.0,0.0,hedged
2023-08-16,-0.0089092385584384,4.274889749523577e-06,0.0089092385584384,^SPX|SPX|2023-09-15|4410.000000|P,P,4410.0,2023-09-15,64.3,86.25,-0.4750695679991923,0.0023338128712983,-0.0018317191588481,0.0080390445289485,0.0,0.0,hedged
2023-08-17,-0.0074183935717828,0.0001496329138379,0.0074183935717828,^SPX|SPXW|2023-09-29|4370.000000|P,P,4370.0,2023-09-29,85.2,79.3,-0.4852034550547852,0.0018330576632402,-0.0816302273728778,-0.0321888747864452,0.0,0.0,hedged
2023-08-18,-0.0131056180660241,4.7599744193556283e-07,0.0131056180660241,^SPX|SPX|2023-10-20|4375.000000|P,P,4375.0,2023-10-20,95.9,80.35,-0.4471107205085285,0.0014377681477423,-0.000331066898848,0.0129575945063436,0.0,0.0,hedged
2023-08-21,-0.0247567039641207,-0.0001180966352116,0.0247567039641207,^SPX|SPX|2023-10-20|4405.000000|P,P,4405.0,2023-10-20,90.0,98.35,-0.4337980130800448,0.0014559872581814,0.0811110362044667,0.0599425103084819,0.0,0.0,hedged
2023-08-22,0.1758296816950842,-2.174161739521762e-05,-0.1758296816950842,^SPX|SPX|2023-10-20|4385.000000|P,P,4385.0,2023-10-20,91.05,67.6,-0.4373638910223182,0.0014594895114511,0.0148967273999799,-0.1693143910359301,0.0,0.0,hedged
2023-08-23,0.1489087038941378,0.0001601736255168,-0.1489087038941378,^SPX|SPXW|2023-09-22|4440.000000|C,C,4440.0,2023-09-22,78.05,49.400000000000006,0.5479453921717292,0.0022857946847471,-0.0700734963580139,-0.1105122544514015,0.0,0.0,hedged
2023-08-24,0.1261767641081261,6.66236315777749e-05,-0.1261767641081261,^SPX|SPX|2023-10-20|4385.000000|P,P,4385.0,2023-10-20,88.80000000000001,72.45,-0.4377751260501863,0.0014971902235292,-0.0444991094189264,-0.1456573673431176,0.0,0.0,hedged
2023-08-25,0.1806140284501827,-4.880499643089896e-05,-0.1806140284501827,^SPX|SPX|2023-10-20|4415.000000|C,C,4415.0,2023-10-20,110.3,115.65,0.5301241670931774,0.0015172723328509,0.0321662732353352,-0.1976661472575563,0.0,0.0,hedged
2023-08-28,-0.1701427715337446,-7.008487469838524e-05,0.1701427715337446,^SPX|SPX|2023-10-20|4430.000000|P,P,4430.0,2023-10-20,77.85,52.900000000000006,-0.434519111036192,0.001679524111341,0.0417290077737691,0.1882748228960251,0.0,0.0,hedged
2023-08-29,0.1594353815299445,-2.5469581598802504e-05,-0.1594353815299445,^SPX|SPX|2023-10-20|4500.000000|C,C,4500.0,2023-10-20,101.6,106.85,0.5629112042233785,0.0018140548606424,0.0140401385599672,-0.1673387328341987,0.0,0.0,hedged
2023-08-30,0.1831262624556368,5.2656475642893865e-05,-0.1831262624556368,^SPX|SPXW|2023-09-29|4515.000000|C,C,4515.0,2023-09-29,68.7,68.44999999999999,0.5139690469128321,0.0023584302169638,-0.0223269169739021,-0.1716509182180583,0.0,0.0,hedged
2023-08-31,-0.1554435234975327,0.0001464564000771,0.1554435234975327,^SPX|SPXW|2023-11-17|4520.000000|C,C,4520.0,2023-11-17,128.35,122.0,0.5003173455794684,0.0011789412238163,-0.1242270582438397,0.2175964755272366,0.0,0.0,hedged
2023-09-01,-0.2490272163972546,-9.997050172642835e-05,0.2490272163972546,^SPX|SPX|2023-10-20|4515.000000|P,P,4515.0,2023-10-20,64.55000000000001,65.6,-0.4410489648772159,0.0020628010897956,0.0484634714519821,0.2704019803155078,0.0,-1.3552527156068804e-20,hedged
2023-09-05,-0.0243003417448983,-2.279143461918929e-07,0.0243003417448983,^SPX|SPXW|2023-10-20|4505.000000|P,P,4505.0,2023-10-20,62.65,82.4,-0.4354812191520896,0.0020804149089807,0.0001095523518928,0.0243480497366615,0.0,0.0,hedged
2023-09-06,0.2455153567920034,0.0001222514782446,-0.2455153567920034,^SPX|SPX|2023-11-17|4465.000000|P,P,4465.0,2023-11-17,87.15,90.3,-0.4258568689939918,0.0014562118500978,-0.0839517122706998,-0.2812667701262881,0.0,0.0,hedged
2023-09-07,0.1580301422744482,-8.286849394838471e-05,-0.1580301422744482,^SPX|SPX|2023-10-20|4455.000000|P,P,4455.0,2023-10-20,66.0,63.6,-0.4673373927519611,0.0022153448351273,0.0374065890936669,-0.1405486444556699,0.0,0.0,hedged
2023-09-08,-0.01141400049878,0.0001201358900774,0.01141400049878,^SPX|SPX|2023-10-20|4455.000000|P,P,4455.0,2023-10-20,63.6,48.15,-0.4546531963952114,0.0021992451645154,-0.0546259653156343,-0.013421869238147,0.0,0.0,hedged
2023-09-11,-0.2054522836329364,-5.144472403089238e-05,0.2054522836329364,^SPX|SPX|2023-10-20|4490.000000|C,C,4490.0,2023-10-20,79.80000000000001,64.9,0.5632914137896095,0.0023290967393654,0.0220878433949926,0.1930103910994074,0.0,0.0,hedged
2023-09-12,0.2757715950899067,-7.410965487000354e-05,-0.2757715950899067,^SPX|SPX|2023-10-20|4460.000000|P,P,4460.0,2023-10-20,59.15,54.1,-0.440422784173644,0.0022423025533838,0.0330506936979425,-0.2612153165525885,0.0,0.0,hedged
2023-09-13,0.0353913671153547,8.624265595234788e-06,-0.0353913671153547,^SPX|SPX|2023-10-20|4465.000000|C,C,4465.0,2023-10-20,77.19999999999999,100.05,0.5656365046530667,0.0024236077760677,-0.0035584411307787,-0.0333785829121272,0.0,0.0,hedged
2023-09-14,0.1894601833280783,-2.834934769553065e-05,-0.1894601833280783,^SPX|SPXW|2023-10-20|4505.000000|P,P,4505.0,2023-10-20,51.55,80.75,-0.5135853496841749,0.0032642320518733,0.0086848444733764,-0.1849997744422666,0.0,0.0,hedged
2023-09-15,-0.0801887118750022,-4.920099474302935e-05,0.0801887118750022,^SPX|SPX|2023-10-20|4450.000000|P,P,4450.0,2023-10-20,55.6,54.5,-0.4492346023765242,0.002460696406379,0.0199947440145327,0.0891710427519912,0.0,0.0,hedged
2023-09-18,-0.0330212196341208,-0.0001477898033841,0.0330212196341208,^SPX|SPX|2023-12-15|4450.000000|C,C,4450.0,2023-12-15,140.0,136.25,0.5887286772656802,0.0013876167928106,0.1065062084502098,-0.029682039587354,0.0,0.0,hedged
2023-09-19,0.0019458462521738,-8.916277188383148e-05,-0.0019458462521738,^SPX|SPX|2023-10-20|4445.000000|P,P,4445.0,2023-10-20,53.75,71.69999999999999,-0.4402073207583648,0.0024614027993739,0.0362243725027497,0.0140003877134146,0.0,0.0,hedged
2023-09-20,0.0970305849117939,2.671518375940576e-05,-0.0970305849117939,^SPX|SPX|2023-10-20|4410.000000|P,P,4410.0,2023-10-20,56.8,97.4,-0.4610098256801599,0.0025130357328824,-0.010630642218829,-0.1019314154279644,0.0,0.0,hedged
2023-09-21,0.1204315637087652,1.7476171443398744e-05,-0.1204315637087652,^SPX|SPXW|2023-10-31|4340.000000|P,P,4340.0,2023-10-31,74.45,78.0,-0.45101192831897,0.0018643389991022,-0.009373923654343,-0.1246593150920252,0.0,0.0,hedged
2023-09-22,0.0680260169554215,-3.266829113527932e-05,-0.0680260169554215,^SPX|SPX|2023-12-15|4325.000000|C,C,4325.0,2023-12-15,146.2,147.45,0.5798500713938933,0.0012956766664185,0.0252133051261775,-0.0826459537329115,0.0,0.0,hedged
2023-09-25,0.0271326830408519,-9.400947267538227e-05,-0.0271326830408519,^SPX|SPX|2023-11-17|4330.000000|P,P,4330.0,2023-11-17,87.6,117.65,-0.441429030031703,0.001538615404122,0.0611000464596458,-0.0001613487972784,0.0,0.0,hedged
2023-09-26,0.0956073337527138,-1.7808503795195248e-05,-0.0956073337527138,^SPX|SPX|2023-12-15|4275.000000|P,P,4275.0,2023-12-15,114.65,114.35,-0.440188975074202,0.0011823279538072,0.0150622369519803,-0.0889771031064967,0.0,0.0,hedged
2023-09-27,0.0988130300939153,-9.29072972649142e-05,-0.0988130300939153,^SPX|SPX|2023-11-17|4265.000000|P,P,4265.0,2023-11-17,90.7,73.45,-0.439770596826312,0.0014794592743517,0.0627981444812838,-0.0711962526157961,0.0,0.0,hedged
2023-09-28,0.1355226992834241,6.221931797054945e-05,-0.1355226992834241,^SPX|SPX|2023-12-15|4300.000000|P,P,4300.0,2023-12-15,105.15,110.8,-0.4587463367065174,0.0013698857723211,-0.0454193475307962,-0.156358658578777,0.0,0.0,hedged
2023-09-29,-0.0312907789663992,-0.0001113841493575,0.0312907789663992,^SPX|SPX|2023-11-17|4285.000000|P,P,4285.0,2023-11-17,86.19999999999999,89.05,-0.4447618667376951,0.0015820889790514,0.0704032142517562,0.0626034439613442,0.0,0.0,hedged
2023-10-02,-0.1745446271912099,-8.842798704486704e-05,0.1745446271912099,^SPX|SPX|2023-12-15|4275.000000|C,C,4275.0,2023-12-15,142.45,120.25,0.5784905337385433,0.0013268876426575,0.0666431611856422,0.1359921893069039,0.0,0.0,hedged
2023-10-03,0.1250183063779278,-6.64262927029542e-05,-0.1250183063779278,^SPX|SPX|2023-12-15|4225.000000|P,P,4225.0,2023-12-15,114.55,94.3,-0.4447901516088009,0.0012037969874501,0.0551806437426438,-0.100474499481766,0.0,0.0,hedged
2023-10-04,0.1540550248642665,-2.074359068900632e-05,-0.1540550248642665,^SPX|SPX|2023-12-15|4265.000000|P,P,4265.0,2023-12-15,108.05,109.0,-0.4302384909100945,0.0012071607988874,0.0171837842217241,-0.1466618994725872,0.0,3.3881317890172014e-21,hedged
2023-10-05,0.1251576850611935,-2.358315045396816e-05,-0.1251576850611935,^SPX|SPX|2023-12-15|4260.000000|P,P,4260.0,2023-12-15,107.2,82.45,-0.4735878498479137,0.0014135090270015,0.0166841173303253,-0.1172562898081144,0.0,0.0,hedged
2023-10-06,-0.0866925818234279,1.7449917172782622e-05,0.0866925818234279,^SPX|SPX|2023-12-15|4320.000000|P,P,4320.0,2023-12-15,102.15,81.55000000000001,-0.4683077319321485,0.0014548027103803,-0.0119946966336218,0.0810753726477223,0.0,0.0,hedged
2023-10-10,-0.2810165328623316,-0.0001202171322062,0.2810165328623316,^SPX|SPX|2023-12-15|4360.000000|P,P,4360.0,2023-12-15,94.8,87.6,-0.4300155478824384,0.0013657183847891,0.0880248326046809,0.3188685794820933,0.0,0.0,hedged
2023-10-11,0.2415655701435745,0.0001314072688966,-0.2415655701435745,^SPX|SPX|2023-12-15|4375.000000|C,C,4375.0,2023-12-15,123.65,108.2,0.5533672095157117,0.0014397650623776,-0.0912699386381805,-0.1910597788866943,0.0,0.0,hedged
2023-10-12,0.2085672942090965,5.972839865037651e-05,-0.2085672942090965,^SPX|SPX|2023-12-15|4350.000000|P,P,4350.0,2023-12-15,92.8,115.8,-0.4523149722981933,0.0015112674515574,-0.0395220571903546,-0.2264437124123193,0.0,0.0,hedged
2023-10-13,0.0468806640640542,3.3484273262577625e-05,-0.0468806640640542,^SPX|SPX|2023-11-17|4315.000000|P,P,4315.0,2023-11-17,78.45,48.400000000000006,-0.446636757439017,0.0017450753966941,-0.0191878662240095,-0.0554506704165194,0.0,0.0,hedged
2023-10-16,0.1175970791505097,8.425824629025233e-05,-0.1175970791505097,^SPX|SPX|2023-12-15|4375.000000|C,C,4375.0,2023-12-15,122.65,115.65,0.5653522128074404,0.0015004713064761,-0.0561545202008096,-0.0858499968958418,0.0,0.0,hedged
2023-10-17,0.147496828181396,9.703792445309497e-05,-0.147496828181396,^SPX|SPX|2023-12-15|4365.000000|P,P,4365.0,2023-12-15,95.65,122.25,-0.436315002019211,0.0013869498236543,-0.0699649856095144,-0.1780236010188853,0.0,0.0,hedged
2023-10-18,0.2357528182521425,0.0001007610478751,-0.2357528182521425,^SPX|SPX|2023-12-15|4315.000000|P,P,4315.0,2023-12-15,102.7,124.25,-0.4400656673123515,0.0013141026386885,-0.0766766954943953,-0.2694955994221896,0.0,0.0,hedged
2023-10-19,0.1759940127012012,3.458281254452953e-05,-0.1759940127012012,^SPX|SPXW|2023-11-30|4270.000000|P,P,4270.0,2023-11-30,92.65,110.55,-0.4584380038530724,0.0015488098103464,-0.0223286373275187,-0.1862303086263881,0.0,0.0,hedged
2023-10-20,-0.1723428612149783,-0.0002215246950459,0.1723428612149783,^SPX|SPXW|2023-12-29|4230.000000|P,P,4230.0,2023-12-29,118.4,115.45,-0.4418483613909491,0.0011549669865718,0.1918017550470693,0.2570901523944341,0.0,0.0,hedged
2023-10-23,-0.0373987261984533,-0.0001786524737924,0.0373987261984533,^SPX|SPXW|2023-12-15|4220.000000|P,P,4220.0,2023-12-15,102.8,85.15,-0.4398844278399537,0.001313162984588,0.1360474487090769,0.097243880332931,0.0,0.0,hedged
2023-10-24,0.0542342884301339,8.669250004466288e-07,-0.0542342884301339,^SPX|SPX|2023-12-15|4255.000000|P,P,4255.0,2023-12-15,96.7,130.95,-0.4472271645424522,0.0014294988138717,-0.0006064538088692,-0.0545055110475004,0.0,-1.0587911840678754e-22,hedged
2023-10-25,0.0389953957439274,4.050321542462912e-05,-0.0389953957439274,^SPX|SPX|2023-12-15|4190.000000|P,P,4190.0,2023-12-15,103.0,126.2,-0.4471961846233778,0.0013464067576938,-0.0300824510818742,-0.0524481530918609,0.0,0.0,hedged
2023-10-26,0.1677118162062433,4.311557563184445e-05,-0.1677118162062433,^SPX|SPXW|2023-12-15|4135.000000|P,P,4135.0,2023-12-15,103.7,117.95,-0.4441680234853343,0.0013236843523591,-0.0325723995716964,-0.1821794345441783,0.0,0.0,hedged
2023-10-27,-0.0539627006330551,-0.0001940476848878,0.0539627006330551,^SPX|SPX|2024-01-19|4105.000000|P,P,4105.0,2024-01-19,127.65,95.2,-0.4314238209983465,0.0010364429644492,0.1872246631447841,0.1347358801921061,0.0,0.0,hedged
2023-10-30,-0.1159342345745265,-0.000170079470223,0.1159342345745265,^SPX|SPX|2023-12-15|4170.000000|P,P,4170.0,2023-12-15,93.15,78.95,-0.4599138885678791,0.001549567851897,0.1097592919308288,0.166414057332891,0.0,0.0,hedged
2023-10-31,-0.3177532212892517,-9.134682124432437e-06,0.3177532212892517,^SPX|SPX|2023-12-15|4190.000000|P,P,4190.0,2023-12-15,86.35,39.15,-0.4544551040045239,0.0016360194389912,0.0055834801877811,0.3202906623586969,0.0,0.0,hedged
2023-11-02,-0.0644397804542905,2.007145207010369e-05,0.0644397804542905,^SPX|SPX|2023-12-15|4315.000000|C,C,4315.0,2023-12-15,93.25,120.55,0.5480157871078851,0.0019007616786207,-0.0105596889372621,0.0702266566988586,0.0,0.0,hedged
2023-11-03,0.0455244161629217,-0.0001922346140973,-0.0455244161629217,^SPX|SPX|2023-12-15|4365.000000|P,P,4365.0,2023-12-15,70.8,70.1,-0.4500249364943,0.0019501017915514,0.0985767076006634,-0.0011624395851159,0.0,0.0,hedged
2023-11-06,0.0479290806829243,1.417263542511031e-05,-0.0479290806829243,^SPX|SPX|2023-12-15|4360.000000|P,P,4360.0,2023-12-15,68.1,56.35,-0.4488979901004168,0.0020174355907261,-0.0070250745502158,-0.0510826225288218,0.0,0.0,hedged
2023-11-07,0.1687129645268043,6.684256096720726e-05,-0.1687129645268043,^SPX|SPX|2023-12-15|4385.000000|P,P,4385.0,2023-12-15,65.2,62.2,-0.4435431239900353,0.0020640374954846,-0.0323843734008881,-0.183076830673494,0.0,0.0,hedged
2023-11-08,0.0882291168698765,0.0001543304300989,-0.0882291168698765,^SPX|SPX|2023-12-15|4385.000000|P,P,4385.0,2023-12-15,62.2,83.8,-0.4471433598142176,0.0021890821175542,-0.0705000643243695,-0.1197527524989935,0.0,0.0,hedged
2023-11-09,0.1343933307434334,-1.1966962279032989e-05,-0.1343933307434334,^SPX|SPX|2023-12-15|4345.000000|P,P,4345.0,2023-12-15,66.45,38.1,-0.4861614760439008,0.0023430003209099,0.0051075376184264,-0.1319102427159094,0.0,0.0,hedged
2023-11-10,-0.045526246765608,5.099223068462439e-05,0.045526246765608,^SPX|SPXW|2023-12-15|4415.000000|P,P,4415.0,2023-12-15,60.75,60.65,-0.4763511291217436,0.0024769525862709,-0.0205866801679047,0.0357197584227583,0.0,0.0,hedged
2023-11-13,-0.1653958842543817,-8.803999969775402e-05,0.1653958842543817,^SPX|SPXW|2023-12-15|4415.000000|P,P,4415.0,2023-12-15,60.65,29.25,-0.4601733137807772,0.0023499721090522,0.0374642743029231,0.1826359435087498,0.0,0.0,hedged
2023-11-14,-0.0672287123868863,-0.0001952133279767,0.0672287123868863,^SPX|SPX|2023-12-15|4505.000000|C,C,4505.0,2023-12-15,69.0,69.05,0.5029488940010418,0.0022676316666199,0.0860868768284931,0.0239314128979917,0.0,0.0,hedged
2023-11-15,-0.1128321894523873,8.063383234310992e-05,0.1128321894523873,^SPX|SPX|2023-12-15|4505.000000|C,C,4505.0,2023-12-15,69.05,65.19999999999999,0.518272210335037,0.0023765243265301,-0.0339293107345713,0.1304168083219378,0.0,1.3552527156068804e-20,hedged
2023-11-16,-0.0634208279767683,6.329141974695536e-05,0.0634208279767683,^SPX|SPXW|2023-12-29|4505.000000|C,C,4505.0,2023-12-29,84.05,84.8,0.5012145304068896,0.0018393593226674,-0.0344094919176364,0.0806673653098061,0.0,0.0,hedged
2023-11-17,-0.179860270568795,-4.893631726088594e-05,0.179860270568795,^SPX|SPXW|2023-12-29|4510.000000|C,C,4510.0,2023-12-29,81.7,108.4,0.5455787204728413,0.0021658317922226,0.0225946989219628,0.1675330836414814,0.0,0.0,hedged
2023-11-20,0.2261407202511344,6.000643658333877e-05,-0.2261407202511344,^SPX|SPXW|2023-12-29|4555.000000|P,P,4555.0,2023-12-29,54.900000000000006,61.7,-0.4559219648233927,0.0025489996274631,-0.0235411711860697,-0.2368736572725311,0.0,-6.776263578034403e-21,hedged
2023-11-21,0.0176387951238989,7.25057171213663e-05,-0.0176387951238989,^SPX|SPXW|2023-12-29|4535.000000|C,C,4535.0,2023-12-29,77.1,87.2,0.5673515226214143,0.0024379560513138,-0.0297403708661166,-0.000765550429682,0.0,0.0,hedged
2023-11-22,0.2465155232050518,0.0001781579497776,-0.2465155232050518,^SPX|SPXW|2023-12-29|4560.000000|C,C,4560.0,2023-12-29,71.1,65.94999999999999,0.5481458049017424,0.0025166288003168,-0.0707923034796263,-0.2077110190333636,0.0,-2.710505431213761e-20,hedged
2023-11-24,0.1194491273651159,1.2672424867840264e-05,-0.1194491273651159,^SPX|SPX|2024-01-19|4555.000000|C,C,4555.0,2024-01-19,95.3,94.55,0.5747991151450491,0.0019985554844002,-0.0063407921204865,-0.1158044456649415,0.0,0.0,hedged
2023-11-27,0.1445214931844028,0.0001272178268933,-0.1445214931844028,^SPX|SPX|2024-01-19|4555.000000|C,C,4555.0,2024-01-19,94.55,89.7,0.5795137935659255,0.002039100277804,-0.0623891959988854,-0.1083660935335606,0.0,0.0,hedged
2023-11-28,0.1810884987817842,3.879636422307503e-05,-0.1810884987817842,^SPX|SPXW|2023-12-29|4550.000000|C,C,4550.0,2023-12-29,65.9,66.55000000000001,0.568314970615884,0.0028702504319832,-0.013516717492929,-0.173406745876967,0.0,0.0,hedged
2023-11-29,0.240875774541106,6.441946928279713e-05,-0.240875774541106,^SPX|SPX|2024-01-19|4550.000000|P,P,4550.0,2024-01-19,62.8,59.95,-0.4699569447660233,0.0023435176048541,-0.0274883658434504,-0.2537941229695047,0.0,0.0,hedged
2023-11-30,0.022943218084192,9.020406485910982e-05,-0.022943218084192,^SPX|SPX|2024-01-19|4555.000000|P,P,4555.0,2024-01-19,61.7,49.95,-0.5382048504284758,0.0029269353986073,-0.0308186046408917,-0.0395299405853574,0.0,0.0,hedged
2023-12-01,0.2130710636752135,6.406180401179752e-05,-0.2130710636752135,^SPX|SPX|2024-01-19|4590.000000|P,P,4590.0,2024-01-19,61.3,70.2,-0.4416817213647208,0.002172856007649,-0.0294827654415583,-0.2260930622660333,0.0,0.0,hedged
2023-12-04,-0.1722349975742258,-6.0921664243477545e-05,0.1722349975742258,^SPX|SPX|2024-02-16|4570.000000|P,P,4570.0,2024-02-16,83.19999999999999,84.0,-0.417920732562535,0.0014757158956132,0.0412827864933713,0.1894879299477583,0.0,0.0,hedged
2023-12-05,0.1443224103746112,-2.143272230355098e-05,-0.1443224103746112,^SPX|SPX|2024-01-19|4565.000000|C,C,4565.0,2024-01-19,89.6,81.15,0.5564278308182715,0.0020301592916143,0.0105571628748933,-0.1501967096126833,0.0,0.0,hedged
2023-12-06,0.2186726991879476,-4.244859506143432e-05,-0.2186726991879476,^SPX|SPX|2024-01-19|4555.000000|P,P,4555.0,2024-01-19,61.6,50.95,-0.4401780194431527,0.0021522992237639,0.0197224412817473,-0.2099913140459642,0.0,0.0,hedged
2023-12-07,0.2085071275526833,-0.0001087160479683,-0.2085071275526833,^SPX|SPX|2024-01-19|4585.000000|P,P,4585.0,2024-01-19,61.3,49.05,-0.4819146506893314,0.0024970393793168,0.0435379789637295,-0.1875255376286581,0.0,0.0,hedged
2023-12-08,0.0444237894152285,-2.74698960554897e-05,-0.0444237894152285,^SPX|SPX|2024-01-19|4605.000000|C,C,4605.0,2024-01-19,85.30000000000001,89.0,0.5699689033891511,0.0022135987113154,0.0124096097070665,-0.0514968810514525,0.0,0.0,hedged
2023-12-11,-0.1772407083646807,-7.391502659156027e-05,0.1772407083646807,^SPX|SPX|2024-01-19|4620.000000|C,C,4620.0,2024-01-19,79.44999999999999,88.05,0.5671367489372087,0.0023644892491325,0.0312604621140394,0.1595117515110495,0.0,0.0,hedged
2023-12-12,0.0924266175979395,2.5816527398061626e-05,-0.0924266175979395,^SPX|SPXW|2024-02-29|4640.000000|C,C,4640.0,2024-02-29,126.1,166.05,0.5770853813153707,0.0015047745878724,-0.0171564084123474,-0.0825259051072977,0.0,0.0,hedged
2023-12-13,0.2146914944697062,0.0001459940945953,-0.2146914944697062,^SPX|SPX|2024-01-19|4700.000000|C,C,4700.0,2024-01-19,74.0,80.5,0.5664044316277678,0.0025385171845932,-0.0575115644209017,-0.1821166895118616,0.0,0.0,hedged
2023-12-14,0.0757627231607338,-0.0001435712270382,-0.0757627231607338,^SPX|SPXW|2024-01-31|4715.000000|C,C,4715.0,2024-01-31,87.75,86.35,0.4986449698659653,0.0017471258766054,0.0821756628761893,-0.1167392040993469,0.0,0.0,hedged
2023-12-15,-0.3568399244047449,-1.4371900193952515e-06,0.3568399244047449,^SPX|SPX|2024-01-19|4710.000000|C,C,4710.0,2024-01-19,72.19999999999999,92.5,0.5538336686931427,0.0025176836505482,0.0005708382064133,0.3565237749866567,0.0,2.1175823681357513e-22,hedged
2023-12-18,-0.0218731270363625,6.329136987128541e-06,0.0218731270363625,^SPX|SPX|2024-01-19|4745.000000|C,C,4745.0,2024-01-19,69.6,81.15,0.5593688847316786,0.0026544306679774,-0.0023843670371511,0.0232068677667247,0.0,-8.470329472543003e-22,hedged
2023-12-19,0.1604758610485411,4.781026542285976e-05,-0.1604758610485411,^SPX|SPX|2024-03-15|4765.000000|P,P,4765.0,2024-03-15,91.65,113.1,-0.4343019543018527,0.001427522939829,-0.0334917668143281,-0.1750214008290257,0.0,0.0,hedged
2023-12-20,0.0093988496776452,6.786420252637448e-05,-0.0093988496776452,^SPX|SPX|2024-01-19|4715.000000|P,P,4715.0,2024-01-19,49.35,42.35,-0.4611928026475776,0.0028814779964654,-0.0235518725493028,-0.0202608037862567,0.0,0.0,hedged
2023-12-21,0.1657685298223729,9.30906526977525e-06,-0.1657685298223729,^SPX|SPXW|2024-02-16|4740.000000|C,C,4740.0,2024-02-16,111.55,118.35,0.577238365294579,0.0017125033288244,-0.0054359399559039,-0.1626306967283874,0.0,0.0,hedged
2023-12-22,0.0373540139845543,5.320553530077169e-05,-0.0373540139845543,^SPX|SPX|2024-03-15|4755.000000|P,P,4755.0,2024-03-15,94.85,81.9,-0.4138106457704389,0.0012775926439804,-0.0416451484371458,-0.0545872197525354,0.0,0.0,hedged
2023-12-26,0.1608574850268019,7.33724638488759e-05,-0.1608574850268019,^SPX|SPX|2024-03-15|4780.000000|C,C,4780.0,2024-03-15,137.6,129.35000000000002,0.5893950304021128,0.0014197712892426,-0.0516790728230724,-0.130398096329094,0.0,0.0,hedged
2023-12-27,0.2785720137385939,5.495303062459208e-05,-0.2785720137385939,^SPX|SPX|2024-03-15|4775.000000|P,P,4775.0,2024-03-15,86.35,80.25,-0.5030888767000025,0.0019019905492788,-0.0288923783798127,-0.2931074479228853,0.0,0.0,hedged
2023-12-28,-0.2184545113078412,-2.424790081742389e-05,0.2184545113078412,^SPX|SPX|2024-03-15|4790.000000|C,C,4790.0,2024-03-15,132.2,118.5,0.5438258749045287,0.0013104699511818,0.0185032100854781,0.2083919868945637,0.0,3.3881317890172014e-21,hedged
2023-12-29,-0.2793937038596681,-5.827299281950322e-05,0.2793937038596681,^SPX|SPX|2024-03-15|4770.000000|P,P,4770.0,2024-03-15,84.7,101.55,-0.4228187888616503,0.0014753763857333,0.0394970350501697,0.296093792383207,0.0,6.776263578034403e-21,hedged
2024-01-02,0.1344476511081111,-5.342905437523421e-05,-0.1344476511081111,^SPX|SPX|2024-03-15|4730.000000|P,P,4730.0,2024-03-15,86.6,95.9,-0.4267498181871891,0.0014671675693394,0.0364164635940587,-0.1189069318903261,0.0,0.0,hedged
2024-01-03,0.1817010222277065,2.710179199752121e-05,-0.1817010222277065,^SPX|SPXW|2024-03-15|4710.000000|C,C,4710.0,2024-03-15,128.2,120.65,0.5667397772938327,0.0014416702855314,-0.0187988836764648,-0.1710469470795341,0.0,3.3881317890172014e-21,hedged
2024-01-04,0.145105496888086,5.297788736500571e-06,-0.145105496888086,^SPX|SPX|2024-03-15|4700.000000|C,C,4700.0,2024-03-15,126.6,117.8,0.535420128212171,0.0013373792242115,-0.0039613212472506,-0.1429845257579934,0.0,0.0,hedged
2024-01-05,0.1219735570649637,4.480283746675612e-05,-0.1219735570649637,^SPX|SPX|2024-03-15|4690.000000|P,P,4690.0,2024-03-15,84.05,59.25,-0.4149493417078482,0.0014428723353512,-0.0310511445600971,-0.1348582090594512,0.0,0.0,hedged
2024-01-08,0.2358468350690387,4.059358615352424e-05,-0.2358468350690387,^SPX|SPX|2024-03-15|4760.000000|P,P,4760.0,2024-03-15,80.1,80.55,-0.4233729897411879,0.0015617098393947,-0.0259930398909797,-0.2468515860801447,0.0,0.0,hedged
2024-01-09,0.0972464743945534,-1.7775894501398623e-05,-0.0972464743945534,^SPX|SPX|2024-03-15|4750.000000|C,C,4750.0,2024-03-15,115.5,129.85000000000002,0.5338801343153383,0.0014654169515128,0.0121302640064642,-0.103722581371605,0.0,0.0,hedged
2024-01-10,0.2111808849830498,6.428787381469796e-05,-0.2111808849830498,^SPX|SPX|2024-03-15|4775.000000|P,P,4775.0,2024-03-15,75.7,74.05,-0.421175981331591,0.0016352495845638,-0.0393137992032233,-0.2277389129423405,0.0,0.0,hedged
2024-01-11,0.2350022735941761,0.0001055170884129,-0.2350022735941761,^SPX|SPX|2024-03-15|4775.000000|P,P,4775.0,2024-03-15,74.05,72.1,-0.4237133971678374,0.0016871786392501,-0.0625405549585422,-0.2615015445964219,0.0,0.0,hedged
2024-01-12,0.1786824705102922,6.269490027925286e-05,-0.1786824705102922,^SPX|SPX|2024-03-15|4780.000000|P,P,4780.0,2024-03-15,73.85,85.75,-0.4385984076682254,0.0017890723382961,-0.0350432450031395,-0.1940523819681967,0.0,0.0,hedged
2024-01-16,-0.0920648572563991,4.031272557349669e-05,0.0920648572563991,^SPX|SPX|2024-03-15|4760.000000|P,P,4760.0,2024-03-15,78.25,91.0,-0.4292996376497545,0.0016347411232251,-0.024660005795881,0.0814783257037865,0.0,0.0,hedged
2024-01-17,0.2871973431739407,0.0002130404225507,-0.2871973431739407,^SPX|SPX|2024-03-15|4730.000000|P,P,4730.0,2024-03-15,79.7,61.25,-0.4266658825358338,0.0015898532295675,-0.1340000564760645,-0.3443705955301523,0.0,0.0,hedged
2024-01-18,0.0030725286616393,-6.64254486199616e-07,-0.0030725286616393,^SPX|SPX|2024-03-15|4780.000000|P,P,4780.0,2024-03-15,77.05,55.7,-0.4462430324030117,0.0017661035055166,0.0003761129991106,-0.0029046908563899,0.0,0.0,hedged
2024-01-19,0.0842079554906425,-2.4936385469226576e-05,-0.0842079554906425,^SPX|SPX|2024-03-15|4835.000000|P,P,4835.0,2024-03-15,73.0,63.35,-0.4364895999345515,0.0017955260798973,0.0138880664271122,-0.0781459589320077,0.0,0.0,hedged
2024-01-22,0.029749010279556,8.372685405466057e-05,-0.029749010279556,^SPX|SPX|2024-03-15|4855.000000|C,C,4855.0,2024-03-15,98.5,100.35,0.5799769597626181,0.0019614884790413,-0.0426853662151424,-0.0049924813557437,0.0,0.0,hedged
2024-01-23,-0.0296227353914682,-2.8574468999499143e-06,0.0296227353914682,^SPX|SPX|2024-03-15|4860.000000|P,P,4860.0,2024-03-15,65.75,60.1,-0.4240487417660415,0.0018962004310531,0.0015069329450383,0.0302617484107374,0.0,0.0,hedged
2024-01-24,0.2568633364391304,0.0002083081716596,-0.2568633364391304,^SPX|SPX|2024-03-15|4880.000000|C,C,4880.0,2024-03-15,94.5,99.15,0.5767582341455896,0.0020305279807807,-0.1025881808235435,-0.1976947584231349,0.0,0.0,hedged
2024-01-25,0.16546411255656,2.7293441649320547e-05,-0.16546411255656,^SPX|SPX|2024-03-15|4885.000000|P,P,4885.0,2024-03-15,67.85,65.65,-0.4383595192402569,0.0019413813270067,-0.0140587741674645,-0.171626910041717,0.0,0.0,hedged
2024-01-26,0.0051875820531673,-5.18642759357997e-06,-0.0051875820531673,^SPX|SPX|2024-03-15|4890.000000|C,C,4890.0,2024-03-15,92.9,114.0,0.5795053461198201,0.0020809987791187,0.0024922780568743,-0.006631870511143,0.0,0.0,hedged
2024-01-29,0.0459704076382121,2.91991816824206e-05,-0.0459704076382121,^SPX|SPX|2024-03-15|4925.000000|C,C,4925.0,2024-03-15,91.65,92.1,0.5665761224593664,0.0020422338371352,-0.0142976681472379,-0.0378696902591392,0.0,0.0,hedged
2024-01-30,0.0272890776323365,-2.9732966734996203e-05,-0.0272890776323365,^SPX|SPX|2024-03-15|4925.000000|C,C,4925.0,2024-03-15,92.1,54.4,0.545725886124287,0.0019198112513775,0.0154874426919109,-0.0357409760191787,0.0,0.0,hedged
2024-01-31,0.0991735231145896,3.3309853904052016e-05,-0.0991735231145896,^SPX|SPX|2024-03-15|4850.000000|C,C,4850.0,2024-03-15,94.15,124.05,0.5622053235723582,0.0019629638082274,-0.0169691635497497,-0.0896333690303502,0.0,0.0,hedged
2024-02-01,0.2163527235227836,0.0001253272062485,-0.2163527235227836,^SPX|SPX|2024-03-15|4905.000000|C,C,4905.0,2024-03-15,87.7,127.35,0.5512291114629655,0.0020504415051026,-0.0611220588037346,-0.1826604653576138,0.0,0.0,hedged
2024-02-02,0.1443620149250667,5.918583263938123e-05,-0.1443620149250667,^SPX|SPXW|2024-03-28|4965.000000|C,C,4965.0,2024-03-28,106.35,90.0,0.5645047279846819,0.0017424691119525,-0.0339666466586947,-0.1251876822924484,0.0,0.0,hedged
2024-02-05,-0.0759776335305606,0.0001210038924167,0.0759776335305606,^SPX|SPX|2024-03-15|4945.000000|C,C,4945.0,2024-03-15,83.25,79.69999999999999,0.5691337738405681,0.0022689411831263,-0.0533305549375099,0.1063298535231573,0.0,0.0,hedged
2024-02-06,0.5072848462599338,-6.89108619098241e-06,-0.5072848462599338,^SPX|SPX|2024-03-15|4945.000000|C,C,4945.0,2024-03-15,79.69999999999999,111.05,0.5602794983646295,0.0023182646987969,0.0029725191409585,-0.5089502877931092,0.0,8.470329472543003e-22,hedged
2024-02-07,0.2084927519575599,0.0001997714323647,-0.2084927519575599,^SPX|SPX|2024-03-15|4995.000000|C,C,4995.0,2024-03-15,78.80000000000001,77.65,0.5684803620562018,0.0023966406086658,-0.0833547723602596,-0.1611072007870872,0.0,0.0,hedged
2024-02-08,0.1665131459094429,9.993527568835856e-05,-0.1665131459094429,^SPX|SPX|2024-03-15|4995.000000|C,C,4995.0,2024-03-15,77.65,92.25,0.5344859265461878,0.0022161767992529,-0.0450935483676419,-0.1424112789289084,0.0,0.0,hedged
2024-02-09,0.0327629374928201,6.380710856748116e-05,-0.0327629374928201,^SPX|SPX|2024-03-15|5020.000000|C,C,5020.0,2024-03-15,76.8,77.9,0.5426856825678049,0.0022948285309976,-0.0278047390929651,-0.0176737036795345,0.0,0.0,hedged
2024-02-12,-0.0353982372582424,-7.369236972565726e-06,0.0353982372582424,^SPX|SPX|2024-03-15|5025.000000|C,C,5025.0,2024-03-15,74.9,38.3,0.5590671376518078,0.0024638093556921,0.0029909931771062,0.0337260712639815,0.0,8.470329472543003e-22,hedged
2024-02-13,0.09692081862343,-3.9387916917271e-05,-0.09692081862343,^SPX|SPX|2024-03-15|4940.000000|C,C,4940.0,2024-03-15,80.30000000000001,108.85,0.5262649650101696,0.0020909609025262,0.0188372326185933,-0.1068341941883424,0.0,0.0,hedged
2024-02-14,0.1633598121565391,8.59149136108728e-05,-0.1633598121565391,^SPX|SPX|2024-03-15|4995.000000|C,C,4995.0,2024-03-15,72.25,90.45,0.5072513124768935,0.0021986451289699,-0.0390762986162858,-0.1435383083966891,0.0,0.0,hedged
2024-02-15,0.0994201899113662,-3.044137188550274e-06,-0.0994201899113662,^SPX|SPXW|2024-03-28|5025.000000|C,C,5025.0,2024-03-28,92.55,82.05,0.5018265282481369,0.0016746754620968,0.0018177475322524,-0.100332383844708,0.0,0.0,hedged
2024-02-16,-0.360472313314887,0.0001194244940466,0.360472313314887,^SPX|SPX|2024-04-19|5005.000000|C,C,5005.0,2024-04-19,121.5,98.5,0.5270895076577079,0.0013654539913765,-0.0874613826616067,0.4065722904410557,0.0,0.0,hedged
2024-02-20,0.1195972741447305,-2.402438670988212e-05,-0.1195972741447305,^SPX|SPXW|2024-03-28|4970.000000|C,C,4970.0,2024-03-28,91.15,90.6,0.5494927745105077,0.0019628439996385,0.0122395802795869,-0.1263228350714048,0.0,0.0,hedged
2024-02-21,0.2188874751687875,0.0001090245661365,-0.2188874751687875,^SPX|SPX|2024-04-19|4970.000000|P,P,4970.0,2024-04-19,81.05000000000001,45.3,-0.433344588128089,0.0016017561241025,-0.0680656465088175,-0.2483833547208231,0.0,0.0,hedged
2024-02-22,0.1580499467028586,4.49200593321709e-05,-0.1580499467028586,^SPX|SPX|2024-04-19|5090.000000|C,C,5090.0,2024-04-19,113.05,110.35,0.557986129763062,0.0016092345973145,-0.0279139284024415,-0.142474361827097,0.0,0.0,hedged
2024-02-23,0.0724438004425436,-6.633156421115832e-06,-0.0724438004425436,^SPX|SPX|2024-04-19|5090.000000|C,C,5090.0,2024-04-19,110.35,96.8,0.577075768153587,0.0017341697779719,0.0038249752160213,-0.0746511009534975,0.0,0.0,hedged
2024-02-26,-0.0222787764270493,0.0001048499514134,0.0222787764270493,^SPX|SPXW|2024-03-28|5075.000000|C,C,5075.0,2024-03-28,76.45,75.7,0.5495082698928384,0.0023517079648972,-0.0445845968030215,0.0467783810801474,0.0,0.0,hedged
2024-02-27,0.0141748436183823,9.63384385374332e-05,-0.0141748436183823,^SPX|SPXW|2024-03-28|5075.000000|C,C,5075.0,2024-03-28,75.7,69.7,0.5623319785147037,0.002458651930512,-0.0391834392424016,0.007859257295808,0.0,0.0,hedged
2024-02-28,0.2070103381974581,0.0001572657830976,-0.2070103381974581,^SPX|SPX|2024-04-19|5065.000000|C,C,5065.0,2024-04-19,105.15,119.2,0.5477937557987336,0.0016855312396,-0.0933033926650455,-0.1558993223007088,0.0,0.0,hedged
2024-02-29,0.160720323825397,4.205181552279061e-05,-0.160720323825397,^SPX|SPX|2024-04-19|5090.000000|C,C,5090.0,2024-04-19,103.3,131.05,0.5055204879540766,0.0015125731519632,-0.0278015086200692,-0.1466660916219201,0.0,0.0,hedged
2024-03-01,-0.1010458518335359,-4.835932656482321e-07,0.1010458518335359,^SPX|SPX|2024-04-19|5135.000000|C,C,5135.0,2024-04-19,101.8,100.55,0.5586786637784417,0.0017965718912786,0.0002691755715403,0.1008954691849059,0.0,0.0,hedged
2024-03-04,0.1060698934763293,3.3094328669338536e-05,-0.1060698934763293,^SPX|SPX|2024-04-19|5135.000000|C,C,5135.0,2024-04-19,100.55,65.55000000000001,0.5649553844671933,0.0018506158239219,-0.0178828734962411,-0.0959668678048821,0.0,0.0,hedged
2024-03-05,0.0213498186966483,8.275581476676838e-06,-0.0213498186966483,^SPX|SPX|2024-04-19|5065.000000|C,C,5065.0,2024-04-19,103.2,126.55,0.5606091528366564,0.001781086324824,-0.0046463674226987,-0.0187450225920412,0.0,0.0,hedged
2024-03-06,0.2195777974215696,6.621146532470744e-05,-0.2195777974215696,^SPX|SPXW|2024-05-17|5105.000000|P,P,5105.0,2024-05-17,93.65,75.2,-0.439243451422295,0.001421432673524,-0.0465807959518447,-0.2400381070054555,0.0,0.0,hedged
2024-03-07,0.0777620320958413,0.000122172886788,-0.0777620320958413,^SPX|SPX|2024-04-19|5160.000000|C,C,5160.0,2024-04-19,101.55,82.65,0.5258043391310981,0.0016411881472021,-0.0744417311301418,-0.0386202468551821,0.0,0.0,hedged
2024-03-08,0.0873259005558329,6.970543771109255e-05,-0.0873259005558329,^SPX|SPX|2024-04-19|5125.000000|P,P,5125.0,2024-04-19,71.94999999999999,73.3,-0.4452556573741726,0.0018784945446745,-0.0371070748694507,-0.1038480355700628,0.0,0.0,hedged
2024-03-11,-0.0226503355508001,-6.431668895471683e-05,0.0226503355508001,^SPX|SPX|2024-04-19|5120.000000|P,P,5120.0,2024-04-19,71.35,46.85,-0.438289248941546,0.0018469583887192,0.0348230308530746,0.0379128955892624,0.0,0.0,hedged
2024-03-12,-0.0132700701380154,4.367665462898586e-05,0.0132700701380154,^SPX|SPX|2024-04-19|5175.000000|C,C,5175.0,2024-04-19,91.2,84.05,0.5529876803896213,0.0019825384617824,-0.0220306720252564,0.0254527603586864,0.0,0.0,hedged
2024-03-13,0.2235663637794384,0.000152781827653,-0.2235663637794384,^SPX|SPXW|2024-04-12|5165.000000|P,P,5165.0,2024-04-12,57.5,72.85,-0.4474827588993804,0.0023587938198925,-0.0647711666719388,-0.2525503441389292,0.0,2.710505431213761e-20,hedged
2024-03-14,0.2176733487150531,3.500485545755082e-05,-0.2176733487150531,^SPX|SPX|2024-04-19|5135.000000|P,P,5135.0,2024-04-19,64.9,74.2,-0.5055639409343535,0.0025363588051103,-0.0138012237807289,-0.2246507497993553,0.0,0.0,hedged
2024-03-15,-0.1747761908019276,-7.391945011830613e-05,0.1747761908019276,^SPX|SPXW|2024-04-30|5115.000000|C,C,5115.0,2024-04-30,107.55,130.60000000000002,0.5608583980156417,0.0017082869451264,0.0432710970069698,0.150507232654219,0.0,0.0,hedged
2024-03-18,-0.2117913474647665,-0.0001307545691069,0.2117913474647665,^SPX|SPX|2024-04-19|5160.000000|C,C,5160.0,2024-04-19,86.05,90.55,0.5525691947826976,0.0021024096075127,0.062192718602342,0.1774255670253234,0.0,0.0,hedged
2024-03-19,0.0888441598985572,-1.5939924731654793e-05,-0.0888441598985572,^SPX|SPX|2024-04-19|5170.000000|C,C,5170.0,2024-04-19,84.35,108.75,0.5610826984885243,0.0021953437445516,0.0072607876425793,-0.0929180622222077,0.0,0.0,hedged
2024-03-20,0.1343887534273377,-7.064849849771343e-06,-0.1343887534273377,^SPX|SPX|2024-04-19|5215.000000|C,C,5215.0,2024-04-19,79.5,95.4,0.5278936273976659,0.0021251443935562,0.0033244093301108,-0.1361436879275645,0.0,0.0,hedged
2024-03-21,0.2240850721030648,9.614484455798638e-05,-0.2240850721030648,^SPX|SPX|2024-05-17|5250.000000|C,C,5250.0,2024-05-17,115.95,108.3,0.571910888343277,0.0016281432742955,-0.0590518328920333,-0.1903126858954832,0.0,0.0,hedged
2024-03-22,-0.0364170943447821,9.273292659221614e-06,0.0364170943447821,^SPX|SPX|2024-06-21|5240.000000|P,P,5240.0,2024-06-21,100.1,105.6,-0.4194794620175689,0.0012350267319396,-0.0075085764699666,0.0332674007266427,0.0,0.0,hedged
2024-03-25,-0.111057459262185,7.698687226267974e-05,0.111057459262185,^SPX|SPX|2024-06-21|5225.000000|C,C,5225.0,2024-06-21,158.05,147.75,0.5987830220704157,0.0012615063171342,-0.061027734238835,0.1475998303998248,0.0,0.0,hedged
2024-03-26,0.0468235998939156,-4.704158353743764e-06,-0.0468235998939156,^SPX|SPX|2024-06-21|5210.000000|C,C,5210.0,2024-06-21,157.05,175.3,0.6005109685414253,0.0012748167007525,0.0036900664628622,-0.0490395252795112,0.0,0.0,hedged
2024-03-27,0.1181285133810378,8.962895833485775e-05,-0.1181285133810378,^SPX|SPXW|2024-04-26|5245.000000|P,P,5245.0,2024-04-26,53.55,47.6,-0.4710437662816171,0.0027457345066757,-0.0326429806366712,-0.1335047859227933,0.0,0.0,hedged
2024-03-28,0.0970904341113281,3.934896266173972e-05,-0.0970904341113281,^SPX|SPXW|2024-05-31|5260.000000|C,C,5260.0,2024-05-31,125.35,112.3,0.5741737925356954,0.0015106331940763,-0.0260479928655338,-0.0821343592597818,0.0,0.0,hedged
2024-04-01,-0.0096978308981139,5.483586818701782e-05,0.0096978308981139,^SPX|SPX|2024-06-21|5240.000000|P,P,5240.0,2024-06-21,97.8,114.4,-0.411276819415645,0.001223423311704,-0.044821663656745,-0.00873628037155,0.0,6.776263578034403e-21,hedged
2024-04-02,0.0539568806979028,-2.361482099768119e-05,-0.0539568806979028,^SPX|SPXW|2024-05-17|5205.000000|C,C,5205.0,2024-05-17,108.4,110.9,0.5613923147070611,0.0016979527767207,0.0139078196528458,-0.0617646237653422,0.0,0.0,hedged
2024-04-03,-0.0183079357968722,2.52266202878742e-05,0.0183079357968722,^SPX|SPX|2024-06-21|5210.000000|C,C,5210.0,2024-06-21,153.2,124.3,0.5716668785287198,0.0012176933254337,-0.0207167270781316,0.0301510024989591,0.0,-3.3881317890172014e-21,hedged
2024-04-04,0.186569868237504,7.312907560764638e-05,-0.186569868237504,^SPX|SPX|2024-06-21|5150.000000|P,P,5150.0,2024-06-21,110.0,92.4,-0.45137373086498,0.0012698339543431,-0.0575894788114057,-0.2125642461471779,0.0,0.0,hedged
2024-04-05,-0.2374489625538954,2.207016654643983e-05,0.2374489625538954,^SPX|SPX|2024-06-21|5200.000000|C,C,5200.0,2024-06-21,157.85,153.05,0.5841838721803447,0.0012195200751586,-0.0180974196292492,0.2480211832293827,0.0,0.0,hedged
2024-04-08,0.116513527491072,-1.350134942242927e-05,-0.116513527491072,^SPX|SPX|2024-06-21|5205.000000|C,C,5205.0,2024-06-21,149.85000000000002,145.75,0.5776446564234912,0.0012662466123985,0.0106624959863501,-0.1226726613217241,0.0,0.0,hedged
2024-04-09,0.1234986525560257,1.0102092563705325e-05,-0.1234986525560257,^SPX|SPXW|2024-06-21|5195.000000|P,P,5195.0,2024-06-21,101.2,116.4,-0.4593426575617371,0.0014144570097246,-0.0071420287037721,-0.1267792910011986,0.0,0.0,hedged
2024-04-10,0.1688631130948307,9.09945058298069e-05,-0.1688631130948307,^SPX|SPX|2024-06-21|5160.000000|C,C,5160.0,2024-06-21,151.64999999999998,177.9,0.578015815481186,0.001251287221307,-0.072720718537153,-0.1268293876672004,0.0,-1.3552527156068804e-20,hedged
2024-04-11,0.1990533927765232,8.516079999134168e-05,-0.1990533927765232,^SPX|SPX|2024-06-21|5210.000000|C,C,5210.0,2024-06-21,145.05,103.65,0.5727809888375812,0.0012936000995125,-0.0658324006185764,-0.1613458452526632,0.0,0.0,hedged
2024-04-12,0.1597230432759555,-3.889024807969926e-05,-0.1597230432759555,^SPX|SPX|2024-05-17|5120.000000|P,P,5120.0,2024-05-17,82.95,113.9,-0.466321780272211,0.0017613641093332,0.022079618787294,-0.1494268361353327,0.0,0.0,hedged
2024-04-15,-0.0819596375000648,-3.665738345642776e-05,0.0819596375000648,^SPX|SPX|2024-06-21|5060.000000|P,P,5060.0,2024-06-21,117.45,112.2,-0.4325832537160023,0.0011161365829947,0.0328430982506371,0.0961670118034397,0.0,0.0,hedged
2024-04-16,-0.0642618107004724,-4.828817403529859e-05,0.0642618107004724,^SPX|SPX|2024-06-21|5060.000000|P,P,5060.0,2024-06-21,112.2,123.8,-0.428386526666409,0.0011480070185848,0.0420626122084356,0.0822808670469602,0.0,0.0,hedged
2024-04-17,0.1231244431508591,-4.8407241387511934e-05,-0.1231244431508591,^SPX|SPXW|2024-05-17|5030.000000|P,P,5030.0,2024-05-17,83.3,86.2,-0.4546267791508862,0.0016867091455633,0.0286992226933977,-0.1100770079736256,0.0,0.0,hedged
2024-04-18,0.2020848822627873,6.85583748784636e-05,-0.2020848822627873,^SPX|SPXW|2024-05-31|5020.000000|P,P,5020.0,2024-05-31,94.5,124.05,-0.4576642690848552,0.0015075560476011,-0.0454765015122036,-0.2228978520879063,0.0,0.0,hedged
2024-04-19,0.1394071385217789,-3.184579773853821e-05,-0.1394071385217789,^SPX|SPX|2024-06-21|4960.000000|P,P,4960.0,2024-06-21,115.0,82.35,-0.4433660735065517,0.0011857335708948,0.026857464881007,-0.1274994497731467,0.0,0.0,hedged
2024-04-22,-0.0654040485431948,-0.0001602336249794,0.0654040485431948,^SPX|SPX|2024-06-21|5015.000000|P,P,5015.0,2024-06-21,101.55,74.8,-0.4323587342991806,0.0012833427523659,0.1248564537291349,0.1193868268466078,0.0,0.0,hedged
2024-04-23,-0.04544815898197,-3.5694318769507346e-05,0.04544815898197,^SPX|SPX|2024-06-21|5070.000000|P,P,5070.0,2024-06-21,93.6,91.6,-0.4301465022791566,0.0013759033624962,0.0259424605989401,0.0566072176691189,0.0,0.0,hedged
2024-04-24,-0.0430115042421473,0.0001107573899653,0.0430115042421473,^SPX|SPX|2024-06-21|5075.000000|P,P,5075.0,2024-06-21,93.5,107.75,-0.4323876100667991,0.0013894027244124,-0.0797158289812154,0.0085433674644658,0.0,0.0,hedged
2024-04-25,0.2004072252082353,7.663602112048718e-05,-0.2004072252082353,^SPX|SPXW|2024-06-21|5045.000000|P,P,5045.0,2024-06-21,96.45,71.2,-0.4340914151410723,0.00135699999673,-0.0564745919713767,-0.2249223607566049,0.0,0.0,hedged
2024-04-26,-0.0486356089678531,-5.57937897405741e-05,0.0486356089678531,^SPX|SPX|2024-06-21|5100.000000|C,C,5100.0,2024-06-21,122.2,120.1,0.5730449842818814,0.0015455414579558,0.0360998337853503,0.0279487802837484,0.0,0.0,hedged
2024-04-29,0.2295844039989048,-4.334552970624756e-05,-0.2295844039989048,^SPX|SPX|2024-06-21|5105.000000|P,P,5105.0,2024-06-21,86.55000000000001,106.95,-0.4438504394850555,0.0015613610740415,0.0277613746281307,-0.2172625056694997,0.0,0.0,hedged
2024-04-30,-0.0481971724300898,-2.3728088038692737e-05,0.0481971724300898,^SPX|SPX|2024-06-21|5060.000000|P,P,5060.0,2024-06-21,88.15,92.0,-0.4389826935038044,0.0015074451257222,0.0157405982040795,0.0551070226270777,0.0,3.3881317890172014e-21,hedged
2024-05-01,0.2689116634806049,2.305692363578756e-05,-0.2689116634806049,^SPX|SPX|2024-06-21|5045.000000|P,P,5045.0,2024-06-21,86.1,83.0,-0.4311116004394562,0.0014978231074104,-0.0153936225991666,-0.2755480327558926,0.0,0.0,hedged
2024-05-02,0.1358942042683053,3.383074241951952e-05,-0.1358942042683053,^SPX|SPX|2024-06-21|5055.000000|P,P,5055.0,2024-06-21,86.85,54.95,-0.4344553762620691,0.0015039892395926,-0.0224940056277817,-0.1456668459469643,0.0,0.0,hedged
2024-05-03,0.1022357064373265,-0.0001033388818292,-0.1022357064373265,^SPX|SPX|2024-06-21|5130.000000|P,P,5130.0,2024-06-21,79.9,62.3,-0.4416786312080553,0.0016741754766908,0.0617252392404292,-0.074972987258624,0.0,0.0,hedged
2024-05-06,0.0090103264147888,-5.178368679995988e-05,-0.0090103264147888,^SPX|SPX|2024-06-21|5170.000000|C,C,5170.0,2024-06-21,102.75,109.25,0.5624050517453228,0.0017983992368869,0.0287943220492014,-0.0252043985968414,0.0,0.0,hedged
2024-05-07,-0.0252406614651965,-0.0001569484106152,0.0252406614651965,^SPX|SPX|2024-06-21|5185.000000|P,P,5185.0,2024-06-21,74.2,70.3,-0.4440377016731683,0.0018145200549911,0.0864958258154752,0.0636480691646228,0.0,0.0,hedged
2024-05-08,0.123588018493555,6.751977542431863e-05,-0.123588018493555,^SPX|SPX|2024-06-21|5190.000000|C,C,5190.0,2024-06-21,96.5,106.75,0.572101456125874,0.0019677557154125,-0.0343130882027003,-0.1039574507686145,0.0,0.0,hedged
2024-05-09,0.1078290313387695,4.016423629047623e-07,-0.1078290313387695,^SPX|SPX|2024-06-21|5210.000000|C,C,5210.0,2024-06-21,94.45,98.65,0.5073680660741188,0.0016709213955581,-0.000240371787669,-0.107707074369721,0.0,0.0,hedged
2024-05-10,-0.1961848784362468,-1.3182712559952554e-05,0.1961848784362468,^SPX|SPX|2024-06-21|5220.000000|P,P,5220.0,2024-06-21,66.8,67.05,-0.4688639623224035,0.0021923898206371,0.0060129418755106,0.199004130189213,0.0,0.0,hedged
2024-05-13,0.0730239992097054,-5.83624283230376e-05,-0.0730239992097054,^SPX|SPX|2024-06-21|5225.000000|C,C,5225.0,2024-06-21,90.2,103.9,0.5603746974649786,0.0020459352077488,0.0285260393887325,-0.0890092699020404,0.0,0.0,hedged
2024-05-14,0.0197220249410943,7.515538947161436e-05,-0.0197220249410943,^SPX|SPX|2024-06-21|5250.000000|C,C,5250.0,2024-06-21,88.30000000000001,119.15,0.524471619774081,0.0018889336511924,-0.039787204502483,0.0011452346506055,0.0,0.0,hedged
2024-05-15,0.0015076443855834,6.321744094865769e-05,-0.0015076443855834,^SPX|SPX|2024-06-21|5305.000000|C,C,5305.0,2024-06-21,82.85,78.15,0.511622507449349,0.0019391506776106,-0.0326005821407092,0.0151715471935547,0.0,0.0,hedged
2024-05-16,-0.1701869513526279,8.369831681144135e-05,0.1701869513526279,^SPX|SPX|2024-06-21|5300.000000|C,C,5300.0,2024-06-21,81.0,78.05000000000001,0.5078868692508034,0.0019614299365373,-0.0426720910353798,0.1918595460729722,0.0,0.0,hedged
2024-05-17,-0.374154643826171,-9.720052960199245e-05,0.374154643826171,^SPX|SPX|2024-06-21|5300.000000|C,C,5300.0,2024-06-21,78.05000000000001,81.8,0.5603182814129334,0.002371838701647,0.0409810875986184,0.3511921912524802,0.0,0.0,hedged
2024-05-20,0.0986602095673993,-1.3531589730945426e-05,-0.0986602095673993,^SPX|SPX|2024-06-21|5310.000000|C,C,5310.0,2024-06-21,75.65,79.55,0.5394802414698432,0.0023130940935157,0.0058499953671915,-0.1018161664806892,0.0,0.0,hedged
2024-05-21,-0.1584265902723166,3.865060894030746e-05,0.1584265902723166,^SPX|SPX|2024-06-21|5320.000000|C,C,5320.0,2024-06-21,73.25,60.1,0.5580240548320331,0.0025160773757104,-0.0153614548238581,0.166998651581245,0.0,0.0,hedged
2024-05-22,0.0585426213992318,0.0001980319187021,-0.0585426213992318,^SPX|SPX|2024-06-21|5295.000000|C,C,5295.0,2024-06-21,74.75,55.1,0.5639818486994371,0.0025034206530213,-0.0791045318185319,-0.0139291013037127,0.0,-2.710505431213761e-20,hedged
2024-05-23,0.0363596098307208,9.913831569253384e-06,-0.0363596098307208,^SPX|SPX|2024-08-16|5270.000000|P,P,5270.0,2024-08-16,92.55,77.9,-0.4174254320901975,0.0013216480516616,-0.0075011131418755,-0.0394907652251256,0.0,0.0,hedged
2024-05-24,-0.0740132231403301,1.8610615154417656e-05,0.0740132231403301,^SPX|SPX|2024-07-19|5300.000000|C,C,5300.0,2024-07-19,105.45,103.9,0.5779656880702072,0.00182313286312,-0.0102080410763745,0.0799131206248858,0.0,0.0,hedged
2024-05-28,0.0180695800189211,4.001344523094991e-05,-0.0180695800189211,^SPX|SPXW|2024-06-28|5295.000000|P,P,5295.0,2024-06-28,55.45,65.25,-0.4365574143695634,0.0023467406334854,-0.0170506466117312,-0.0255131662170676,0.0,6.776263578034403e-21,hedged
2024-05-29,0.154119518359507,4.628462513431831e-05,-0.154119518359507,^SPX|SPX|2024-07-19|5275.000000|C,C,5275.0,2024-07-19,109.7,86.15,0.5760442155310955,0.0017425152642977,-0.0265619625162772,-0.1388186534988517,0.0,0.0,hedged
2024-05-30,0.0564974649399725,-2.3702308922740976e-05,-0.0564974649399725,^SPX|SPX|2024-07-19|5235.000000|P,P,5235.0,2024-07-19,75.3,68.35,-0.4538667197901401,0.0018517467600227,0.0127999732114823,-0.0506879830850753,0.0,0.0,hedged
2024-05-31,-0.012239247955054,4.966565801417954e-05,0.012239247955054,^SPX|SPX|2024-07-19|5245.000000|P,P,5245.0,2024-07-19,71.75,62.8,-0.4501870073942919,0.0019156330697784,-0.0259264985542989,0.0005674751586817,0.0,0.0,hedged
2024-06-03,-0.1338995410751701,-7.305611825529255e-05,0.1338995410751701,^SPX|SPXW|2024-07-31|5265.000000|P,P,5265.0,2024-07-31,78.1,69.55,-0.4503973930437623,0.0017637817104001,0.0414201586423745,0.1525550725471546,0.0,0.0,hedged
2024-06-04,0.0312942636506547,4.9027345842624026e-05,-0.0312942636506547,^SPX|SPXW|2024-07-19|5290.000000|C,C,5290.0,2024-07-19,103.25,138.05,0.553445175877021,0.0017478418143339,-0.0280502190990927,-0.0157700052079683,0.0,0.0,hedged
2024-06-05,0.2162218064248069,0.0001841030676931,-0.2162218064248069,^SPX|SPX|2024-07-19|5345.000000|P,P,5345.0,2024-07-19,66.5,64.65,-0.4284682128169471,0.0019037222303542,-0.0967068959733896,-0.2576576373095995,0.0,0.0,hedged
2024-06-06,0.1744397357877281,7.597795298669446e-05,-0.1744397357877281,^SPX|SPX|2024-07-19|5350.000000|C,C,5350.0,2024-07-19,97.25,94.95,0.5658112036733239,0.001922126042125,-0.03952808053248,-0.1520743049627494,0.0,0.0,hedged
2024-06-07,0.125735174614248,2.059029851529084e-05,-0.125735174614248,^SPX|SPX|2024-07-19|5350.000000|C,C,5350.0,2024-07-19,94.95,97.35,0.5156619607486165,0.0017068732215747,-0.0120631680519859,-0.1195146577237208,0.0,0.0,hedged
2024-06-10,-0.2694765273699893,1.3431433198383903e-05,0.2694765273699893,^SPX|SPXW|2024-07-19|5360.000000|C,C,5360.0,2024-07-19,91.65,97.25,0.5371542691929906,0.0018883025090286,-0.0071129668758918,0.2732972878940029,0.0,0.0,hedged
2024-06-11,-0.1762498043811668,-1.8128889660814046e-05,0.1762498043811668,^SPX|SPX|2024-07-19|5370.000000|C,C,5370.0,2024-07-19,90.4,113.35,0.562168077113343,0.0020524724309988,0.0088327079998787,0.1712843379091713,0.0,0.0,hedged
2024-06-12,0.1969940769401845,8.750490609524818e-05,-0.1969940769401845,^SPX|SPX|2024-08-16|5415.000000|P,P,5415.0,2024-08-16,76.69999999999999,70.3,-0.4181334533173196,0.0015897186974632,-0.0550442705586101,-0.220009927874189,0.0,0.0,hedged
2024-06-13,0.163080421593627,8.535742722348699e-05,-0.163080421593627,^SPX|SPX|2024-07-19|5435.000000|C,C,5435.0,2024-07-19,80.9,76.1,0.5659642352578774,0.0023224441473161,-0.0367532744854718,-0.142279382706234,0.0,0.0,hedged
2024-06-14,0.0272079449206111,-5.838516215183787e-05,-0.0272079449206111,^SPX|SPX|2024-07-19|5425.000000|C,C,5425.0,2024-07-19,82.15,119.45,0.4950887993129074,0.0018567246406891,0.0314452454997141,-0.0427761337591641,0.0,-6.776263578034403e-21,hedged
2024-06-17,-0.2328031624679025,3.039908584597321e-05,0.2328031624679025,^SPX|SPX|2024-08-16|5485.000000|C,C,5485.0,2024-08-16,123.4,123.15,0.5338521308216304,0.0013761360092158,-0.022090175420448,0.2445960496863322,0.0,0.0,hedged
2024-06-18,-0.1771836057887903,1.9241547662883347e-05,0.1771836057887903,^SPX|SPX|2024-07-19|5485.000000|P,P,5485.0,2024-07-19,54.5,59.2,-0.445052785441369,0.0024615891813636,-0.0078167176751337,0.1737047538144632,0.0,0.0,hedged
2024-06-20,0.1716355778454258,2.4107031993937062e-05,-0.1716355778454258,^SPX|SPX|2024-08-16|5475.000000|C,C,5475.0,2024-08-16,125.95,117.1,0.5784877238142834,0.0015224158266616,-0.0158347224009086,-0.1624753853264931,0.0,3.3881317890172014e-21,hedged
2024-06-21,0.144011569315871,-1.9355491203840623e-05,-0.144011569315871,^SPX|SPXW|2024-08-16|5465.000000|P,P,5465.0,2024-08-16,79.4,79.6,-0.4307449959640656,0.001613712665283,0.0119943851345091,-0.1388450479395154,0.0,0.0,hedged
2024-06-24,0.1069355432253696,-8.760211774685606e-06,-0.1069355432253696,^SPX|SPX|2024-08-16|5460.000000|C,C,5460.0,2024-08-16,120.7,120.15,0.5544315811820573,0.0014928562131405,0.0058680880968814,-0.1101889965874392,0.0,0.0,hedged
2024-06-25,0.0628322313844891,2.713530804657086e-05,-0.0628322313844891,^SPX|SPX|2024-08-16|5465.000000|C,C,5465.0,2024-08-16,116.95,116.3,0.5817977640566099,0.0016569540117931,-0.0163766211092399,-0.053304349840331,0.0,0.0,hedged
2024-06-26,0.1770563568210806,2.139665861641149e-07,-0.1770563568210806,^SPX|SPX|2024-09-20|5470.000000|P,P,5470.0,2024-09-20,96.2,92.6,-0.4030282685814489,0.0012000546270964,-0.0001782973719136,-0.1771282157021755,0.0,0.0,hedged
2024-06-27,0.0998355972219192,5.284672360337552e-05,-0.0998355972219192,^SPX|SPX|2024-09-20|5480.000000|P,P,5480.0,2024-09-20,95.8,98.85,-0.4093129457643688,0.0012361725213773,-0.0427502817685152,-0.1173338409848469,0.0,0.0,hedged
2024-06-28,0.1132713359402153,-3.10307724776432e-05,-0.1132713359402153,^SPX|SPX|2024-09-20|5470.000000|P,P,5470.0,2024-09-20,95.55,92.05,-0.4462638615964053,0.0014255216742207,0.0217680116962128,-0.1035570589813876,0.0,0.0,hedged
2024-07-01,-0.0903240850670628,-4.282472092292209e-05,0.0903240850670628,^SPX|SPXW|2024-08-16|5470.000000|C,C,5470.0,2024-08-16,101.6,120.5,0.561896446169289,0.0018196226060359,0.0235349466317169,0.0770998821939171,0.0,0.0,hedged
2024-07-02,0.0527247473910389,-7.084493184005237e-05,-0.0527247473910389,^SPX|SPX|2024-09-20|5500.000000|C,C,5500.0,2024-09-20,147.75,165.15,0.6009191673890218,0.0013620267701857,0.0520143461133237,-0.0839811649497418,0.0,0.0,hedged
2024-07-03,0.133884602928639,9.01740417896658e-05,-0.133884602928639,^SPX|SPX|2024-09-20|5530.000000|P,P,5530.0,2024-09-20,90.5,78.2,-0.414983236857266,0.0013357394355267,-0.0675087067067888,-0.16189958455387,0.0,0.0,hedged
2024-07-05,0.0343163197946023,-9.756070039853196e-05,-0.0343163197946023,^SPX|SPX|2024-09-20|5570.000000|P,P,5570.0,2024-09-20,90.55,88.6,-0.4644549635274297,0.0016000012088367,0.0609753916807736,-0.0059959964754378,0.0,0.0,hedged
2024-07-08,-0.3090570357874714,1.233006682435471e-05,0.3090570357874714,^SPX|SPX|2024-09-20|5570.000000|P,P,5570.0,2024-09-20,88.6,86.0,-0.4183470100726168,0.0013816113237724,-0.0089244106589168,0.3053235352716533,0.0,-1.694065894508601e-21,hedged
2024-07-09,0.0769455103873829,4.888425994454406e-05,-0.0769455103873829,^SPX|SPX|2024-09-20|5580.000000|C,C,5580.0,2024-09-20,139.95,170.2,0.5808630738198888,0.0013734956098566,-0.0355911293736468,-0.056271937578685,0.0,0.0,hedged
2024-07-10,0.1162569299980047,0.0001051989193246,-0.1162569299980047,^SPX|SPX|2024-09-20|5620.000000|P,P,5620.0,2024-09-20,88.2,102.35,-0.4448059639663062,0.0015322041740281,-0.0686585515871755,-0.1467966632212686,0.0,1.3552527156068804e-20,hedged
2024-07-11,0.0208507695889401,5.632907826413654e-05,-0.0208507695889401,^SPX|SPX|2024-09-20|5585.000000|C,C,5585.0,2024-09-20,142.85,163.89999999999998,0.5706292156077728,0.0013097510132426,-0.0430074706525158,0.0036905496547793,0.0,0.0,hedged
2024-07-12,-0.0300698398655699,6.005296813365558e-05,0.0300698398655699,^SPX|SPX|2024-09-20|5625.000000|C,C,5625.0,2024-09-20,136.95,139.75,0.5925177957678267,0.0014460464021876,-0.041529074062079,0.0546765552891117,0.0,0.0,hedged
2024-07-15,0.1850969910414115,-4.22625308411356e-05,-0.1850969910414115,^SPX|SPX|2024-09-20|5625.000000|C,C,5625.0,2024-09-20,139.75,162.64999999999998,0.5480008549873445,0.0012604229044631,0.0335304370394132,-0.2034716992071092,0.0,0.0,hedged
2024-07-16,0.2619002588742602,0.0001733275231854,-0.2619002588742602,^SPX|SPX|2024-09-20|5660.000000|C,C,5660.0,2024-09-20,139.3,102.35,0.5915304560140191,0.0014179016468199,-0.1222422751071201,-0.1895902301359542,0.0,0.0,hedged
2024-07-17,0.1588267011176543,0.0001170421254345,-0.1588267011176543,^SPX|SPX|2024-09-20|5590.000000|P,P,5590.0,2024-09-20,93.85,115.35,-0.4205425429801032,0.0013182780169851,-0.0887840985941417,-0.1961641917166308,0.0,0.0,hedged
2024-07-18,0.1945813737071511,0.0001264047196629,-0.1945813737071511,^SPX|SPX|2024-09-20|5545.000000|P,P,5545.0,2024-09-20,98.55,118.0,-0.4251947942619088,0.0012808668400636,-0.0986868546433917,-0.2365425105636029,0.0,0.0,hedged
2024-07-19,0.0775343783734071,-1.5784461680443214e-05,-0.0775343783734071,^SPX|SPX|2024-09-20|5500.000000|P,P,5500.0,2024-09-20,101.55,72.2,-0.4367435939460707,0.0012994355398772,0.0121471679017911,-0.0722291806077124,0.0,0.0,hedged
2024-07-22,-0.1290258137256737,0.0001031035812585,0.1290258137256737,^SPX|SPXW|2024-08-30|5565.000000|C,C,5565.0,2024-08-30,110.6,104.2,0.5537421154115467,0.0016326272274822,-0.0631519427845768,0.1639957041155542,0.0,-1.3552527156068804e-20,hedged
2024-07-23,0.0434341697166911,-2.3182384212638063e-06,-0.0434341697166911,^SPX|SPX|2024-09-20|5560.000000|P,P,5560.0,2024-09-20,92.3,160.3,-0.4236481701337529,0.0013565757857522,0.0017088897248584,-0.0427102017117944,0.0,0.0,hedged
2024-07-24,0.1418125438769399,0.000152487880272,-0.1418125438769399,^SPX|SPX|2024-09-20|5440.000000|P,P,5440.0,2024-09-20,107.6,112.3,-0.436393032921851,0.0012284586713027,-0.1241294345786131,-0.1959817643075753,0.0,0.0,hedged
2024-07-25,0.0307909025830167,5.20240490238751e-05,-0.0307909025830167,^SPX|SPX|2024-10-18|5430.000000|P,P,5430.0,2024-10-18,127.2,111.4,-0.4221420346464845,0.0009906247649888,-0.0525164026405725,-0.0529602836460219,0.0,0.0,hedged
2024-07-26,0.1459283455506085,5.3333258652201713e-05,-0.1459283455506085,^SPX|SPX|2024-09-20|5460.000000|C,C,5460.0,2024-09-20,141.95,147.2,0.5496549452106578,0.0012457539795413,-0.0428120315311667,-0.122396500704988,0.0,0.0,hedged
2024-07-29,-0.0230651634713615,-1.6915003963971932e-05,0.0230651634713615,^SPX|SPX|2024-09-20|5475.000000|C,C,5475.0,2024-09-20,137.7,117.65,0.5661596559255061,0.0013453850509197,0.0125726117979441,0.0159470579017524,0.0,0.0,hedged
2024-07-30,0.0776035616784835,0.0001092072685055,-0.0776035616784835,^SPX|SPX|2024-09-20|5435.000000|P,P,5435.0,2024-09-20,102.7,64.55,-0.4339632038599524,0.0012735526019959,-0.0857501043414649,-0.1148159516898308,0.0,0.0,hedged
2024-07-31,0.255105258692237,7.708913236298705e-05,-0.255105258692237,^SPX|SPX|2024-09-20|5535.000000|P,P,5535.0,2024-09-20,94.7,157.05,-0.4487707444744331,0.001452700537824,-0.0530660864753711,-0.2789197658261339,0.0,0.0,hedged
2024-08-01,0.0913739800022887,8.456942100158735e-05,-0.0913739800022887,^SPX|SPX|2024-09-20|5430.000000|C,C,5430.0,2024-09-20,144.89999999999998,108.9,0.5513704411440504,0.0012257169611821,-0.0689958805171677,-0.0533316909244157,0.0,0.0,hedged
2024-08-02,0.1502795000920919,0.0001062700614384,-0.1502795000920919,^SPX|SPX|2024-10-18|5335.000000|P,P,5335.0,2024-10-18,158.45,277.95000000000005,-0.4360803024030608,0.0008476428659538,-0.1253712686165408,-0.2049514408230484,0.0,0.0,hedged
2024-08-05,0.0187628158633511,6.800175428726594e-05,-0.0187628158633511,^SPX|SPXW|2024-09-30|5170.000000|P,P,5170.0,2024-09-30,196.65,113.1,-0.4546261156102813,0.0007398103546908,-0.0919178190141433,-0.0605510568771199,0.0,0.0,hedged
2024-08-06,-0.0580702555250981,0.0002242819080916,0.0580702555250981,^SPX|SPX|2024-09-20|5270.000000|P,P,5270.0,2024-09-20,133.6,158.95,-0.4494099663409515,0.0010474783894991,-0.2141160241013139,-0.0381556196593317,0.0,0.0,hedged
2024-08-07,-0.1393749413818041,6.569527497976079e-05,0.1393749413818041,^SPX|SPX|2024-09-20|5220.000000|P,P,5220.0,2024-09-20,139.60000000000002,92.25,-0.4558833163759395,0.0010278464933657,-0.0639154537217287,0.1102369523714695,0.0,0.0,hedged
2024-08-08,0.007399742843134,0.0001106435926296,-0.007399742843134,^SPX|SPX|2024-09-20|5320.000000|P,P,5320.0,2024-09-20,123.45,102.9,-0.4498219893924666,0.0011313191742389,-0.0978005103679322,-0.0513925629804358,0.0,0.0,hedged
2024-08-09,0.0480652760463409,-4.356035546771998e-06,-0.0480652760463409,^SPX|SPX|2024-09-20|5340.000000|C,C,5340.0,2024-09-20,136.5,129.25,0.5298432065435343,0.0012248314543755,0.0035564367090757,-0.0499496298761467,0.0,0.0,hedged
2024-08-12,-0.2014698380766818,5.3489593839517e-05,0.2014698380766818,^SPX|SPX|2024-09-20|5335.000000|P,P,5335.0,2024-09-20,107.65,66.95,-0.4726050262769329,0.0013947743212407,-0.0383499990105456,0.1833454357865825,0.0,0.0,hedged
2024-08-13,0.0098179541463691,4.159522343923627e-05,-0.0098179541463691,^SPX|SPXW|2024-10-18|5425.000000|P,P,5425.0,2024-10-18,118.4,100.25,-0.4292883253869495,0.001090818845112,-0.038132109310014,-0.0261876234955371,0.0,0.0,hedged
2024-08-14,0.1949458992075569,1.976149044343761e-05,-0.1949458992075569,^SPX|SPX|2024-09-20|5450.000000|P,P,5450.0,2024-09-20,85.05000000000001,48.3,-0.4520447034885944,0.0016337858046018,-0.012095520959832,-0.2004136153933842,0.0,0.0,hedged
2024-08-15,0.0378657444135071,-4.392661508567788e-05,-0.0378657444135071,^SPX|SPX|2024-09-20|5545.000000|P,P,5545.0,2024-09-20,76.85,72.5,-0.5205197470845068,0.0022421671252405,0.0195911422441203,-0.027668168007501,0.0,0.0,hedged
2024-08-16,-0.3886374795321675,6.756434745515637e-05,0.3886374795321675,^SPX|SPX|2024-09-20|5555.000000|P,P,5555.0,2024-09-20,76.2,56.3,-0.4803365973153736,0.002000797673765,-0.0337687055223404,0.3724171344258216,0.0,0.0,hedged
2024-08-19,-0.2843122626034345,-7.327658482867696e-05,0.2843122626034345,^SPX|SPX|2024-09-20|5595.000000|P,P,5595.0,2024-09-20,69.95,71.5,-0.4670151528329836,0.0020812547999603,0.0352078874869485,0.3007548795590783,0.0,0.0,hedged
2024-08-20,0.0023945645831767,-4.007406203231868e-05,-0.0023945645831767,^SPX|SPX|2024-09-20|5595.000000|P,P,5595.0,2024-09-20,71.5,68.4,-0.4475018824007805,0.0019026396197086,0.0210623502302844,0.0070308767926601,0.0,0.0,hedged
2024-08-21,0.2030787075207356,8.358404710631363e-05,-0.2030787075207356,^SPX|SPX|2024-09-20|5610.000000|C,C,5610.0,2024-09-20,96.7,73.69999999999999,0.5437346699826944,0.0018240199347575,-0.0458240864113262,-0.1781625630186146,0.0,0.0,hedged
2024-08-22,0.2665658606343016,0.000138892905161,-0.2665658606343016,^SPX|SPXW|2024-09-30|5565.000000|P,P,5565.0,2024-09-30,85.6,59.900000000000006,-0.4426217209013498,0.0015682137182667,-0.0885675871490963,-0.3057677984743149,0.0,0.0,hedged
2024-08-23,0.1113288712101857,5.998893922384597e-05,-0.1113288712101857,^SPX|SPX|2024-10-18|5625.000000|C,C,5625.0,2024-10-18,132.8,122.8,0.5679365718558567,0.001404447307925,-0.042713556347282,-0.0870702804465383,0.0,-6.776263578034403e-21,hedged
2024-08-26,0.2601452700481697,0.0001185393665099,-0.2601452700481697,^SPX|SPX|2024-10-18|5615.000000|C,C,5615.0,2024-10-18,129.2,133.8,0.5607108650929353,0.0014175495691319,-0.083622731149,-0.2132570961241799,0.0,-1.3552527156068804e-20,hedged
2024-08-27,0.2568205769798402,0.0001565838475325,-0.2568205769798402,^SPX|SPX|2024-10-18|5625.000000|C,C,5625.0,2024-10-18,127.15,112.75,0.5464733094463083,0.0013854476082844,-0.1130204033672478,-0.1950579431167835,0.0,0.0,hedged
2024-08-28,0.0180633908649366,0.0001272888209091,-0.0180633908649366,^SPX|SPXW|2024-09-30|5595.000000|P,P,5595.0,2024-09-30,76.75,72.1,-0.4443709314864378,0.0017554650664421,-0.0725100278794371,-0.0502847394958296,0.0,0.0,hedged
2024-08-29,0.0978510702164178,7.003693807927075e-05,-0.0978510702164178,^SPX|SPXW|2024-09-30|5595.000000|P,P,5595.0,2024-09-30,72.1,55.900000000000006,-0.4519719149844218,0.0019175811706288,-0.0365235845824985,-0.1143587046822651,0.0,0.0,hedged
2024-08-30,0.160385959294438,8.925236739243919e-05,-0.160385959294438,^SPX|SPX|2024-10-18|5625.000000|C,C,5625.0,2024-10-18,118.9,77.2,0.5236013204179202,0.0013888358761209,-0.0642641574335766,-0.1267371616066721,0.0,1.3552527156068804e-20,hedged
2024-09-03,0.1240782010265079,7.848052630207024e-05,-0.1240782010265079,^SPX|SPXW|2024-10-18|5520.000000|P,P,5520.0,2024-10-18,109.4,108.0,-0.4653776629547467,0.0013389916184036,-0.0586116636007302,-0.1513547600549055,0.0,0.0,hedged
2024-09-04,-0.117244002506185,2.603202441789909e-05,0.117244002506185,^SPX|SPX|2024-10-18|5520.000000|P,P,5520.0,2024-10-18,107.0,114.1,-0.452080951647637,0.0013069067287233,-0.0199188081641663,0.1082390887556419,0.0,0.0,hedged
2024-09-05,0.1001148541717855,4.2809895455362274e-05,-0.1001148541717855,^SPX|SPX|2024-10-18|5495.000000|P,P,5495.0,2024-10-18,105.1,149.75,-0.4529398464985383,0.001334118259184,-0.0320885312532531,-0.1146490285919975,0.0,6.776263578034403e-21,hedged
2024-09-06,0.0613113151843763,-9.894169817351012e-05,-0.0613113151843763,^SPX|SPX|2024-11-15|5410.000000|P,P,5410.0,2024-11-15,149.5,119.65,-0.4610093843799293,0.0009765430569263,0.1013183161477042,-0.0146026206307121,0.0,0.0,hedged
2024-09-09,0.1488833554837322,-3.8680639071794286e-05,-0.1488833554837322,^SPX|SPX|2024-10-18|5465.000000|P,P,5465.0,2024-10-18,102.4,90.2,-0.466786871472233,0.0014349507534192,0.0269560742622176,-0.1363006139116984,0.0,0.0,hedged
2024-09-10,0.2379668698687614,5.051851563951764e-05,-0.2379668698687614,^SPX|SPX|2024-10-18|5490.000000|P,P,5490.0,2024-10-18,98.6,78.35,-0.4523481400776801,0.001416431450989,-0.0356660504850011,-0.2541003414695683,0.0,0.0,hedged
2024-09-11,0.1816072703179771,5.885592669616799e-05,-0.1816072703179771,^SPX|SPX|2024-11-15|5535.000000|P,P,5535.0,2024-11-15,128.95,103.1,-0.4369884563540347,0.0010336705083718,-0.0569387693849119,-0.2064888552581881,0.0,0.0,hedged
2024-09-12,0.1566191472039082,9.294814238778307e-05,-0.1566191472039082,^SPX|SPX|2024-10-18|5600.000000|C,C,5600.0,2024-10-18,109.25,123.35,0.5469639594868047,0.0016239850025124,-0.0572346063812077,-0.1253138802779741,0.0,0.0,hedged
2024-09-13,-0.0165853347495627,-4.6933846204707454e-05,0.0165853347495627,^SPX|SPX|2024-10-18|5625.000000|C,C,5625.0,2024-10-18,106.9,109.6,0.5127260409633929,0.001500406051453,0.0312807630702741,0.0005468729422271,0.0,6.776263578034403e-21,hedged
2024-09-16,-0.4352625008573078,0.0001474026741104,0.4352625008573078,^SPX|SPX|2024-10-18|5630.000000|P,P,5630.0,2024-10-18,78.75,82.69999999999999,-0.4873133551854628,0.001980626049281,-0.074422263689758,0.3989955378381545,0.0,0.0,hedged
2024-09-17,0.104721552973289,9.628873242095632e-05,-0.104721552973289,^SPX|SPX|2024-10-18|5625.000000|C,C,5625.0,2024-10-18,105.1,101.4,0.5418333631604386,0.0016661601426762,-0.0577908029094319,-0.0734085678731294,0.0,0.0,hedged
2024-09-18,0.1150495513703968,8.738344901557295e-05,-0.1150495513703968,^SPX|SPX|2024-10-18|5625.000000|C,C,5625.0,2024-10-18,101.4,156.85000000000002,0.5413485665110476,0.001726388173647,-0.0506163389841649,-0.0876484688192818,0.0,0.0,hedged
2024-09-19,0.1433239138100089,6.250412581862044e-05,-0.1433239138100089,^SPX|SPXW|2024-11-15|5715.000000|C,C,5715.0,2024-11-15,153.7,147.65,0.5457313382884851,0.0011367523263374,-0.0549848233167973,-0.1133169725957771,0.0,0.0,hedged
2024-09-20,-0.0890203028783194,1.7096806071875535e-05,0.0890203028783194,^SPX|SPX|2024-12-20|5715.000000|P,P,5715.0,2024-12-20,135.5,132.95,-0.4256923913426705,0.0009432454062744,-0.0181255121500177,0.0813044102668677,0.0,0.0,hedged
2024-09-23,-0.0176432681274209,4.11698790436091e-05,0.0176432681274209,^SPX|SPX|2024-12-20|5715.000000|P,P,5715.0,2024-12-20,132.95,127.15,-0.4265748520835376,0.0009638069292782,-0.0427158985819281,-0.0005782599917804,0.0,0.0,hedged
2024-09-24,0.1695247710253437,0.0001419370275407,-0.1695247710253437,^SPX|SPX|2024-12-20|5730.000000|C,C,5730.0,2024-12-20,186.0,182.55,0.574107465846995,0.0010061579394619,-0.1410683372598564,-0.0885363854098382,0.0,0.0,hedged
2024-09-25,0.3356241010990781,0.0001698926417774,-0.3356241010990781,^SPX|SPX|2024-12-20|5720.000000|P,P,5720.0,2024-12-20,135.0,126.45,-0.4289473803393432,0.0009585151805781,-0.1772456453688273,-0.4116531563565928,0.0,0.0,hedged
2024-09-26,0.1125710366692054,4.041109403576762e-05,-0.1125710366692054,^SPX|SPX|2024-12-20|5740.000000|C,C,5740.0,2024-12-20,192.3,193.4,0.554261106621991,0.000920533992679,-0.0438996216947484,-0.0882391837683873,0.0,0.0,hedged
2024-09-27,-0.2478028904956648,5.839738904303712e-05,0.2478028904956648,^SPX|SPX|2024-12-20|5740.000000|C,C,5740.0,2024-12-20,193.4,179.6,0.5598050133139818,0.0009296706906273,-0.0628151340380848,0.2829671174421744,0.0,0.0,hedged
2024-10-01,-0.1168391953041678,4.136165069476507e-05,0.1168391953041678,^SPX|SPXW|2024-11-29|5715.000000|C,C,5715.0,2024-11-29,166.75,162.95,0.5519396818677572,0.001062946186953,-0.0389122715735289,0.1383164220972131,0.0,0.0,hedged
2024-10-02,0.2171017243700604,0.0001043001294437,-0.2171017243700604,^SPX|SPXW|2024-11-29|5715.000000|C,C,5715.0,2024-11-29,162.95,151.3,0.5410104317478543,0.0010554191584151,-0.0988234187451382,-0.1636372239279541,0.0,0.0,hedged
2024-10-03,0.2160505150748458,6.183011514234677e-05,-0.2160505150748458,^SPX|SPX|2024-12-20|5685.000000|C,C,5685.0,2024-12-20,200.75,233.05,0.5680546790819533,0.0009141245530044,-0.0676386111051603,-0.1776280855499549,0.0,0.0,hedged
2024-10-04,0.1269218442723092,-1.5342207170235824e-05,-0.1269218442723092,^SPX|SPX|2024-12-20|5750.000000|C,C,5750.0,2024-12-20,188.05,161.85,0.5028370011561799,0.0008059974365391,0.0190350570296009,-0.1364933752659106,0.0,0.0,hedged
2024-10-07,0.0918878770053633,-2.442927884673351e-05,-0.0918878770053633,^SPX|SPX|2024-12-20|5690.000000|P,P,5690.0,2024-12-20,150.0,120.75,-0.4363255525573659,0.000891080051346,0.0274153582608327,-0.0799258556636473,0.0,0.0,hedged
2024-10-08,-0.0840580380130963,-1.7169530275700043e-05,0.0840580380130963,^SPX|SPX|2024-12-20|5755.000000|P,P,5755.0,2024-12-20,139.95,125.35,-0.4356695966541411,0.0009495303338603,0.0180821293048084,0.0919358719939702,0.0,0.0,hedged
2024-10-09,0.1563525249051451,4.107611385755092e-05,-0.1563525249051451,^SPX|SPX|2024-12-20|5790.000000|P,P,5790.0,2024-12-20,136.2,140.65,-0.4414445562704193,0.0009949240142197,-0.0412856793790064,-0.1745778633189333,0.0,0.0,hedged
2024-10-10,0.0859966756913651,6.2479932072961004e-06,-0.0859966756913651,^SPX|SPX|2024-12-20|5775.000000|C,C,5775.0,2024-12-20,183.65,207.65,0.519033426047003,0.0008709834664874,-0.0071734923195427,-0.0822733933960309,0.0,0.0,hedged
2024-10-11,-0.2869775287669621,-0.0001387634348634,0.2869775287669621,^SPX|SPX|2024-12-20|5820.000000|C,C,5820.0,2024-12-20,177.10000000000002,169.64999999999998,0.5632075828005082,0.0010301675360645,0.1346998716281688,0.2111135396637223,0.0,0.0,hedged
2024-10-15,0.2343287701325687,0.000106447636075,-0.2343287701325687,^SPX|SPX|2024-12-20|5810.000000|C,C,5810.0,2024-12-20,176.14999999999998,193.5,0.54004179498874,0.0009703500090475,-0.1097002474184405,-0.1750860516060051,0.0,0.0,hedged
2024-10-16,-0.0463215704519914,-3.8253501071972334e-05,0.0463215704519914,^SPX|SPX|2024-12-20|5845.000000|C,C,5845.0,2024-12-20,170.0,165.4,0.5592522111233634,0.0010639564530088,0.0359540101136577,0.0262142107971765,0.0,0.0,hedged
2024-10-17,0.2209216872402815,6.420585330711134e-05,-0.2209216872402815,^SPX|SPX|2024-12-20|5845.000000|C,C,5845.0,2024-12-20,165.4,170.1,0.5630512593944207,0.0011059863019041,-0.0580530275976934,-0.1882348569397411,0.0,0.0,hedged
2024-10-18,0.1155541912016663,-4.5072593243137325e-05,-0.1155541912016663,^SPX|SPX|2024-12-20|5860.000000|C,C,5860.0,2024-12-20,160.14999999999998,148.0,0.5489533017655045,0.0010999826931378,0.0409757294585799,-0.1380479531802038,0.0,0.0,hedged
2024-10-21,-0.0186110919703725,0.0001091296204576,0.0186110919703725,^SPX|SPX|2024-12-20|5845.000000|P,P,5845.0,2024-12-20,118.1,111.45,-0.4463015385801933,0.0011612583893985,-0.0939753128622172,-0.02333023474859,0.0,1.3552527156068804e-20,hedged
2024-10-22,0.0143868844140364,8.846964621842954e-05,-0.0143868844140364,^SPX|SPX|2024-12-20|5855.000000|P,P,5855.0,2024-12-20,114.8,143.89999999999998,-0.4362050923969818,0.0011503690807429,-0.0769054451300913,-0.0479334312128389,0.0,0.0,hedged
2024-10-23,0.0296536346759622,0.0001236490928386,-0.0296536346759622,^SPX|SPX|2024-12-20|5800.000000|C,C,5800.0,2024-12-20,160.75,167.2,0.5538557396419869,0.0011110976954164,-0.1112855272301257,0.0319824933195275,0.0,0.0,hedged
2024-10-24,0.221665288799918,9.30430149174663e-05,-0.221665288799918,^SPX|SPX|2024-12-20|5810.000000|C,C,5810.0,2024-12-20,160.55,161.2,0.563046191939583,0.0011407692412929,-0.0815616441516352,-0.1757423156520084,0.0,0.0,hedged
2024-10-25,0.1188834199778341,0.0001004984696076,-0.1188834199778341,^SPX|SPX|2024-12-20|5810.000000|C,C,5810.0,2024-12-20,161.2,169.5,0.5589739612433707,0.0011235631804955,-0.0894462112609219,-0.0688853169511051,0.0,0.0,hedged
2024-10-28,0.181962572652356,-1.2216126201369138e-05,-0.181962572652356,^SPX|SPX|2024-12-20|5830.000000|P,P,5830.0,2024-12-20,118.1,113.0,-0.4428725163223996,0.0011473506569558,0.010647247314767,-0.1772471994421582,0.0,-1.694065894508601e-21,hedged
2024-10-29,0.1243136579318485,0.0001220446620723,-0.1243136579318485,^SPX|SPX|2024-12-20|5845.000000|P,P,5845.0,2024-12-20,118.0,128.64999999999998,-0.4443248714616505,0.001154494764939,-0.1057126162705011,-0.1712844025681137,0.0,0.0,hedged
2024-10-30,0.0810027815013144,1.2849226920101713e-05,-0.0810027815013144,^SPX|SPX|2024-12-20|5820.000000|C,C,5820.0,2024-12-20,155.64999999999998,107.5,0.557687848401156,0.0011614110732001,-0.011063461694658,-0.0748328233529519,0.0,0.0,hedged
2024-10-31,0.1687160585165038,6.71490911002053e-05,-0.1687160585165038,^SPX|SPX|2024-12-20|5725.000000|P,P,5725.0,2024-12-20,130.2,126.2,-0.4630232210942145,0.0011214653347333,-0.0598762075121746,-0.1964401329856965,0.0,0.0,hedged
2024-11-01,-0.043517264631756,-4.796486057050294e-06,0.043517264631756,^SPX|SPX|2024-12-20|5735.000000|P,P,5735.0,2024-12-20,129.7,132.3,-0.4561727121634528,0.001099742153699,0.0043614642222426,0.0455068455950202,0.0,0.0,hedged
2024-11-04,0.114902898776072,-0.0002307225634573,-0.114902898776072,^SPX|SPX|2024-12-20|5715.000000|P,P,5715.0,2024-12-20,124.85,97.4,-0.4593044473595079,0.0011534864280431,0.2000219143008958,-0.0230319439683081,0.0,-2.710505431213761e-20,hedged
2024-11-05,-0.0208255682744408,0.0001054823462496,0.0208255682744408,^SPX|SPX|2024-12-20|5770.000000|C,C,5770.0,2024-12-20,145.39999999999998,241.55,0.5497869361847247,0.0012194641085922,-0.0864989346602167,0.068381552544524,0.0,0.0,hedged
2024-11-06,0.3612236190986652,0.0001177204961523,-0.3612236190986652,^SPX|SPX|2024-12-20|5930.000000|C,C,5930.0,2024-12-20,123.65,146.5,0.5592104294510225,0.0014805485180758,-0.0795114072352663,-0.3167600109123767,0.0,0.0,hedged
2024-11-07,0.1657659074523202,6.772284300661052e-05,-0.1657659074523202,^SPX|SPX|2025-01-17|5975.000000|C,C,5975.0,2025-01-17,161.75,170.5,0.56682684912689,0.0011437269958288,-0.0592124197938816,-0.1322027181113755,0.0,0.0,hedged
2024-11-08,0.061861739089611,-0.0002133046843388,-0.061861739089611,^SPX|SPX|2024-12-20|5995.000000|C,C,5995.0,2024-12-20,111.95,105.05,0.4974393903287489,0.0013648374706506,0.1562857768237465,-0.1396044406298704,0.0,0.0,hedged
2024-11-12,-0.2745910379067514,6.357457758796845e-05,0.2745910379067514,^SPX|SPX|2024-12-20|5990.000000|C,C,5990.0,2024-12-20,108.1,107.6,0.5390072751701935,0.0016077467692119,-0.0395426560982174,0.2959048172232436,0.0,0.0,hedged
2024-11-13,-0.0141951384913721,2.090621549586066e-05,0.0141951384913721,^SPX|SPX|2024-12-20|6000.000000|C,C,6000.0,2024-12-20,101.35,70.7,0.5395013763128325,0.0017205141674256,-0.0121511440543041,0.0207506974324446,0.0,0.0,hedged
2024-11-14,0.009024213317458,7.551774682488178e-05,-0.009024213317458,^SPX|SPX|2024-12-20|5945.000000|P,P,5945.0,2024-12-20,73.65,121.0,-0.4695120264916604,0.0019928905457498,-0.0378935747304005,-0.0268157023801415,0.0,0.0,hedged
2024-11-15,-0.1506996555107509,1.9271099742064423e-05,0.1506996555107509,^SPX|SPX|2024-12-20|5860.000000|C,C,5860.0,2024-12-20,110.7,123.65,0.5200822376685608,0.0014825315032475,-0.0129987792501208,0.1574600897101134,0.0,0.0,hedged
2024-11-18,0.0101573703035441,-5.551378399565268e-05,-0.0101573703035441,^SPX|SPX|2024-12-20|5895.000000|P,P,5895.0,2024-12-20,77.55,71.9,-0.4969722787940381,0.0020711529327802,0.0268033244271985,0.0031631389162966,0.0,-6.776263578034403e-21,hedged
2024-11-19,-0.1035833260014467,4.104276801939133e-05,0.1035833260014467,^SPX|SPX|2024-12-20|5915.000000|C,C,5915.0,2024-12-20,99.35,100.95,0.5414241331049342,0.0017656581618299,-0.023245024946875,0.116168743482311,0.0,0.0,hedged
2024-11-20,0.2542054091524571,9.416425626535296e-05,-0.2542054091524571,^SPX|SPX|2024-12-20|5910.000000|P,P,5910.0,2024-12-20,82.75,62.3,-0.4604967554629862,0.0017255394645666,-0.0545709085181657,-0.2793351354677398,0.0,0.0,hedged
2024-11-21,0.1279410363868426,1.0974092627546184e-05,-0.1279410363868426,^SPX|SPXW|2024-12-31|5955.000000|C,C,5955.0,2024-12-31,114.75,107.9,0.5147250260491777,0.0014057664581332,-0.0078064834767215,-0.1239228439759346,0.0,0.0,hedged
2024-11-22,-0.1371889596895366,-0.000104852200473,0.1371889596895366,^SPX|SPXW|2024-12-31|5960.000000|C,C,5960.0,2024-12-31,104.6,111.6,0.5470628988272611,0.0017009153008307,0.0616445747896968,0.1034654999081111,0.0,0.0,hedged
2024-11-25,0.2463965244351023,4.83461006677306e-05,-0.2463965244351023,^SPX|SPX|2025-02-21|5985.000000|P,P,5985.0,2025-02-21,116.4,102.0,-0.4217448898367918,0.0010731428401201,-0.0450509464912594,-0.2653965309001017,0.0,0.0,hedged
2024-11-26,0.1000522292573396,-7.451141286411038e-06,-0.1000522292573396,^SPX|SPXW|2025-01-31|6020.000000|C,C,6020.0,2025-01-31,148.35,130.39999999999998,0.5454644397891719,0.0011803933283291,0.0063124223998776,-0.1034954312054014,0.0,0.0,hedged
2024-11-27,0.2475178409146484,-5.905254923380967e-06,-0.2475178409146484,^SPX|SPX|2025-01-17|5995.000000|C,C,5995.0,2025-01-17,122.65,152.14999999999998,0.5416185291816371,0.0014216719565512,0.004153739472857,-0.2497675831785409,0.0,0.0,hedged
2024-11-29,0.1817588574984475,-8.24721921059498e-06,-0.1817588574984475,^SPX|SPX|2025-01-17|6040.000000|C,C,6040.0,2025-01-17,120.5,120.65,0.5341960363900267,0.0014172613115829,0.0058191239280943,-0.1848674104360978,0.0,0.0,hedged
2024-12-02,-0.1110405696306611,0.0001386045439011,0.1110405696306611,^SPX|SPX|2025-01-17|6050.000000|C,C,6050.0,2025-01-17,114.0,110.55,0.5206292365063571,0.0014417095127891,-0.0961390229249107,0.1610933557345245,0.0,0.0,hedged
2024-12-03,0.0701548433806252,-5.753897064173964e-05,-0.0701548433806252,^SPX|SPX|2025-01-17|6045.000000|C,C,6045.0,2025-01-17,113.8,133.85,0.5594009372245413,0.0016137452366378,0.0356555479361898,-0.0901005903133843,0.0,0.0,hedged
2024-12-05,0.1859647625198782,-3.7784948798344825e-05,-0.1859647625198782,^SPX|SPX|2025-01-17|6080.000000|C,C,6080.0,2025-01-17,109.7,108.25,0.5452720262157237,0.0016120855518302,0.0234385506125568,-0.1987451485039468,0.0,0.0,hedged
2024-12-06,0.1158284358537993,8.098585793716482e-05,-0.1158284358537993,^SPX|SPX|2025-01-17|6085.000000|C,C,6085.0,2025-01-17,104.95,85.75,0.5241357352721646,0.001586765843174,-0.0510383168919015,-0.0890774301026087,0.0,0.0,hedged
2024-12-09,0.0680249273581361,-4.529738912031371e-05,-0.0680249273581361,^SPX|SPX|2025-01-17|6050.000000|C,C,6050.0,2025-01-17,107.7,94.95,0.5175789359331536,0.001514585762492,0.029907444162014,-0.0835043904839915,0.0,0.0,hedged
2024-12-10,-0.0126252530972455,3.6411357741663245e-05,0.0126252530972455,^SPX|SPXW|2025-01-31|6035.000000|C,C,6035.0,2025-01-31,131.95,163.10000000000002,0.5552175395086003,0.0013702243894478,-0.0265732810057022,0.0273792047939021,0.0,0.0,hedged
2024-12-11,0.0715811682649471,-6.534870685028048e-05,-0.0715811682649471,^SPX|SPX|2025-01-17|6085.000000|C,C,6085.0,2025-01-17,99.55,81.7,0.5555035745593317,0.0018324160579775,0.0356625923276425,-0.0913918657810047,0.0,0.0,hedged
2024-12-12,0.0726212367562336,9.16655924041629e-05,-0.0726212367562336,^SPX|SPX|2025-01-17|6060.000000|P,P,6060.0,2025-01-17,66.4,67.7,-0.4436325912062113,0.0020139486633905,-0.045515357005099,-0.0928133325240814,0.0,0.0,hedged
2024-12-13,0.1381534089903749,-8.251266052768803e-05,-0.1381534089903749,^SPX|SPX|2025-01-17|6050.000000|C,C,6050.0,2025-01-17,96.0,114.35,0.515280531086166,0.0016928005264343,0.0487432861930227,-0.1632698753868006,0.0,0.0,hedged
2024-12-16,0.0351447515150555,6.896693257951999e-05,-0.0351447515150555,^SPX|SPX|2025-01-17|6075.000000|C,C,6075.0,2025-01-17,96.9,81.25,0.518395471236609,0.0016931315974563,-0.0407333562749235,-0.0140287640938678,0.0,0.0,hedged
2024-12-17,0.0812287970690285,-1.7652539250049514e-05,-0.0812287970690285,^SPX|SPX|2025-01-17|6045.000000|P,P,6045.0,2025-01-17,65.94999999999999,183.8,-0.449743205777498,0.0020730111657704,0.0085154096328702,-0.0773990494422328,0.0,0.0,hedged
2024-12-18,0.1715024225046472,2.1802247960162093e-05,-0.1715024225046472,^SPX|SPX|2025-01-17|5875.000000|P,P,5875.0,2025-01-17,103.0,90.2,-0.4635544936072308,0.0014094411929833,-0.0154687177221014,-0.1786730161150691,0.0,0.0,hedged
2024-12-19,0.1678886312730967,5.732225471153999e-05,-0.1678886312730967,^SPX|SPXW|2025-01-31|5890.000000|P,P,5890.0,2025-01-31,116.35,86.85,-0.4525717107675015,0.0012052298888165,-0.0475612621653687,-0.1894135130575392,0.0,0.0,hedged
2024-12-20,0.0286096605575387,-8.943681604742325e-05,-0.0286096605575387,^SPX|SPXW|2025-01-31|5940.000000|P,P,5940.0,2025-01-31,101.85,81.55,-0.4596404826774274,0.0014047227515675,0.0636686605578354,0.00065503331269,0.0,0.0,hedged
2024-12-23,-0.1842396928879688,-0.0001515274521991,0.1842396928879688,^SPX|SPX|2025-03-21|5970.000000|P,P,5970.0,2025-03-21,136.75,107.75,-0.4455246813389297,0.0010039788188934,0.1509269412337811,0.2514813702866085,0.0,0.0,hedged
2024-12-24,-0.0428712754940498,4.084689735876838e-05,0.0428712754940498,^SPX|SPXW|2025-01-31|6025.000000|C,C,6025.0,2025-01-31,105.7,113.55,0.5544935716291557,0.0017185448319862,-0.0237683047881614,0.0560506477076078,0.0,0.0,hedged
2024-12-26,0.1086569131179665,2.230953152921918e-05,-0.1086569131179665,^SPX|SPX|2025-03-21|6045.000000|P,P,6045.0,2025-03-21,123.15,168.25,-0.4508726039373532,0.0011311864655671,-0.0197222405043835,-0.1175491310496566,0.0,0.0,hedged
2024-12-27,0.0963706479648881,-6.349614343008334e-05,-0.0963706479648881,^SPX|SPX|2025-03-21|5950.000000|P,P,5950.0,2025-03-21,132.7,142.1,-0.4529596582433819,0.0010608921645956,0.0598516470844915,-0.0692602663561932,0.0,0.0,hedged
2024-12-30,0.0484533066288048,-4.169605922970688e-05,,,,,,,,,,,,0.0484533066288048,-4.169605922970688e-05,not_hedged_no_next_day
