quote_date,portfolio_daily_pnl_unhedged,spot,spot_tplus1,delta_only_hedge_pnl,daily_pnl_delta_hedged,cumulative_pnl_delta_hedged,delta_gamma_option_hedge_pnl,delta_gamma_underlying_hedge_pnl,daily_pnl_delta_gamma_hedged,cumulative_pnl_delta_gamma_hedged,hedge_status_delta_only,hedge_status_delta_gamma
2023-04-24,-4.947321428571432,4134.395,4075.245,4.031197592377624,-0.9161238361938082,-0.9161238361938082,-0.0662318377656576,4.113101359975757,-0.900451906361333,-0.900451906361333,hedged,hedged
2023-04-25,-5.350000000000001,4075.245,4050.72,5.417279613071012,0.0672796130710109,-0.8488442231227973,1.0309937611087074,4.63309095689323,0.3140847180019355,-0.5863671883593975,hedged,hedged
2023-04-26,20.293229166666663,4050.72,4134.17,-19.801232176342065,0.4919969903245977,-0.3568472327981995,-0.0308932872768564,-19.771120434510788,0.4912154448790176,-0.0951517434803799,hedged,hedged
2023-04-27,8.412500000000017,4134.17,4163.365,-8.451580395999176,-0.039080395999159,-0.3959276287973585,0.2103267639873613,-8.692674556450381,-0.0698477924630029,-0.1649995359433829,hedged,hedged
2023-04-28,-0.2000000000000001,4163.365,4167.3150000000005,0.0084764903548386,-0.1915235096451615,-0.5874511384425201,-0.0984582260883179,0.0632173543995065,-0.2352408716888114,-0.4002404076321944,hedged,hedged
2023-05-01,0.7978571428571462,4167.3150000000005,4120.89,-0.8081304005396958,-0.0102732576825496,-0.5977243961250697,1.383140527520796,-1.9770695804699192,0.2039280899080229,-0.1963123177241714,hedged,hedged
2023-05-02,2.5499999999999834,4120.89,4095.2,-2.0076340148510274,0.542365985148956,-0.0553584109761137,-0.5345610348458949,-1.5234653159876432,0.4919736491664455,0.295661331442274,hedged,hedged
2023-05-03,-5.619285714285704,4095.2,4062.69,4.827061655372263,-0.7922240589134413,-0.847582469889555,0.418834895389902,4.356741711073814,-0.8437091078219883,-0.5480477763797142,hedged,hedged
2023-05-04,18.04249999999999,4062.69,4139.495,-16.307733598126646,1.734766401873344,0.887183931983789,-0.951923227152909,-15.37992121342102,1.7106555594260602,1.162607783046346,hedged,hedged
2023-05-05,-0.2750000000000057,4139.495,4139.93,0.1766083125640587,-0.0983916874359469,0.788792244547842,-0.0384220618452696,0.1790611764798975,-0.1343608853653778,1.028246897680968,hedged,hedged
2023-05-08,2.79553571428571,4139.93,4122.395,-2.450731198972209,0.3448045153135006,1.1335967598613426,0.8026893548232616,-3.221679012175845,0.376546056933126,1.404792954614094,hedged,hedged
2023-05-09,0.6268749999999996,4122.395,4144.025,-1.2027734588188073,-0.5758984588188076,0.5576983010425349,0.959411847303506,-1.95805754883554,-0.3717707015320337,1.0330222530820603,hedged,hedged
2023-05-10,-5.462499999999992,4144.025,4127.1,5.026778419348584,-0.4357215806514087,0.1219767203911261,-0.2489956176628253,5.383585654339948,-0.3279099633228703,0.7051122897591899,hedged,hedged
2023-05-11,-0.2125000000000024,4127.1,4117.790000000001,0.5088567836429294,0.296356783642927,0.4183335040340531,0.0244400651694004,0.492910367659557,0.3048504328289551,1.0099627225881451,hedged,hedged
2023-05-12,-1.3537500000000051,4117.790000000001,4132.83,1.5543098136352655,0.2005598136352604,0.6188933176693137,-0.4356448632273,1.8836646244844244,0.0942697612571192,1.1042324838452644,hedged,hedged
2023-05-15,0.2175000000000012,4132.83,4121.37,-0.1218338364852877,0.0956661635147134,0.7145594811840271,-0.1506464440848713,0.006535933607395,0.0733894895225248,1.1776219733677893,hedged,hedged
2023-05-16,-1.1550000000000078,4121.37,4155.95,1.1713503338749611,0.0163503338749533,0.7309098150589804,-0.24346274779944,1.4169823971485425,0.0185196493490946,1.196141622716884,hedged,hedged
2023-05-17,5.007777777777774,4155.95,4193.6900000000005,-3.2199771425449346,1.787800635232839,2.5187104502918194,-0.7698572610206833,-2.5613537980899634,1.676566718667127,2.872708341384011,hedged,hedged
2023-05-18,-0.2375000000000157,4193.6900000000005,4192.465,-0.1730717679261018,-0.4105717679261176,2.108138682365702,0.0236360946043919,-0.2223107281497421,-0.4361746335453658,2.4365337078386453,hedged,hedged
2023-05-19,-0.090000000000002,4192.465,4192.895,0.0037547847649141,-0.0862452152350878,2.021893467130614,0.0002282142946717,0.0038549820726599,-0.0859168036326702,2.350616904205975,hedged,hedged
2023-05-22,-7.010416666666691,4192.895,4154.07,7.280778538258831,0.2703618715921401,2.292255338722754,0.6553715916601417,6.614736496308685,0.2596914213021364,2.6103083255081114,hedged,hedged
2023-05-23,-1.5354166666666678,4154.07,4119.96,1.644307259997159,0.1088905933304915,2.401145932053246,1.066688991363452,0.7137128935540683,0.2449852182508524,2.855293543758964,hedged,hedged
2023-05-24,2.04166666666667,4119.96,4160.344999999999,-2.0943075443333563,-0.0526408776666862,2.3485050543865595,-0.199229864915937,-1.88675933400553,-0.0443225322547968,2.810971011504167,hedged,hedged
2023-05-25,21.74166666666663,4160.344999999999,4208.8,-21.56623765683073,0.1754290098359021,2.5239340642224617,-0.3772263987224922,-21.13557926811109,0.2288609998330457,3.0398320113372126,hedged,hedged
2023-05-26,0.6399999999999996,4208.8,4207.01,-0.0873867124949127,0.5526132875050869,3.076547351727549,-0.17313706271193,-0.063591080870938,0.4032718564171315,3.443103867754344,hedged,hedged
2023-05-30,-0.5138888888888884,4207.01,4192.5,0.5877005196199424,0.073811630731054,3.1503589824586027,0.201459928633063,0.4542247577187375,0.1417957974629121,3.5848996652172564,hedged,hedged
2023-05-31,1.1097222222222165,4192.5,4215.67,-0.5176990584138433,0.5920231638083732,3.742382146266976,0.455234393824961,-0.9431786532553088,0.6217779627918687,4.206677628009125,hedged,hedged
2023-06-01,28.31499999999999,4215.67,4283.959999999999,-26.058030003410533,2.256969996589458,5.999352142856434,-0.1718271314830259,-25.91526194625476,2.2279109222622075,6.434588550271332,hedged,hedged
2023-06-02,0.3232142857143004,4283.959999999999,4277.5,-0.136775974819843,0.1864383108944573,6.185790453750892,-0.0518628488745898,-0.1088272280868016,0.1625242087529089,6.597112759024241,hedged,hedged
2023-06-05,-0.9499999999999944,4277.5,4283.27,1.6565188691582704,0.706518869158276,6.892309322909168,-0.2956870964139368,1.045888962643052,-0.1997981337708791,6.397314625253362,hedged,hedged
2023-06-06,1.6208333333333431,4283.27,4268.014999999999,-1.529687926540828,0.0911454067925152,6.983454729701683,0.1716171009350976,-1.7930819294864464,-0.0006314952180055,6.396683130035356,hedged,hedged
2023-06-07,2.0986111111111034,4268.014999999999,4295.345,-2.165705828478081,-0.0670947173669778,6.916360012334705,-0.419272015642982,-1.7321911117806663,-0.0528520163125452,6.3438311137228105,hedged,hedged
2023-06-08,1.2651785714285724,4295.345,4301.754999999999,-1.161156749415086,0.1040218220134863,7.020381834348191,-0.0549265385269831,-1.1067662279029304,0.1034858049986586,6.447316918721469,hedged,hedged
2023-06-09,-7.155357142857151,4301.754999999999,4336.685,7.271846050983474,0.1164889081263229,7.136870742474514,-0.5014397522138745,7.667281735284229,0.0104848402132029,6.457801758934672,hedged,hedged
2023-06-12,-0.0770833333333289,4336.685,4364.605,-0.6437742221119166,-0.7208575554452454,6.416013187029268,0.7660449992425358,-1.3867471397687885,-0.6977854738595817,5.760016285075091,hedged,hedged
2023-06-13,0.1444444444444484,4364.605,4365.155,-0.0966040197156262,0.0478404247288221,6.46385361175809,0.1360544875785947,-0.0728435933212298,0.2076553387018132,5.967671623776904,hedged,hedged
2023-06-14,7.882589285714282,4365.155,4428.505,-6.988927889835554,0.8936613958787278,7.357515007636818,0.9224493758489516,-7.647998129641081,1.1570405319221528,7.124712155699057,hedged,hedged
2023-06-15,0.1130952380952431,4428.505,4416.16,-0.3235259552133822,-0.210430717118139,7.147084290518679,-0.1787987208652195,-0.2147056819689305,-0.2804091647389068,6.84430299096015,hedged,hedged
2023-06-16,10.766666666666676,4416.16,4392.925,-10.338479889871218,0.4281867767954583,7.575271067314137,-0.9223449196596316,-9.583282340064248,0.2610394069427979,7.105342397902948,hedged,hedged
2023-06-20,-4.734999999999999,4392.925,4369.495000000001,4.974840470207536,0.239840470207536,7.815111537521673,0.0921761780026449,4.906174498588785,0.2633506765914308,7.368693074494379,hedged,hedged
2023-06-21,1.3476190476190548,4369.495000000001,4376.969999999999,-1.6006696803044729,-0.253050632685418,7.562060904836255,0.0081886368563592,-1.4907156920387166,-0.1349080075633024,7.233785066931077,hedged,hedged
2023-06-22,-2.629166666666668,4376.969999999999,4353.200000000001,2.666117195786336,0.0369505291196676,7.599011433955923,0.39756157633579,2.3224296261215973,0.0908245357907189,7.324609602721796,hedged,hedged
2023-06-23,1.508333333333323,4353.200000000001,4338.255,-0.7369470131317388,0.7713863202015843,8.370397754157507,0.946674954879566,-1.3906919419325685,1.064316346280321,8.388925949002116,hedged,hedged
2023-06-26,0.2997023809523829,4338.255,4381.805,-0.1110584918844411,0.1886438890679417,8.559041643225449,0.3016094780482651,-0.4765975198401432,0.1247143391605047,8.513640288162621,hedged,hedged
2023-06-27,2.286874999999996,4381.805,4369.885,-0.1014467138870858,2.18542828611291,10.744469929338358,-0.1246050192211539,-0.0219096968886574,2.140360283890185,10.654000572052809,hedged,hedged
2023-06-28,3.2785714285714254,4369.885,4388.045,-2.746466803321428,0.5321046252499975,11.276574554588356,0.5728437938636461,-3.5799768425462197,0.2714383798888522,10.92543895194166,hedged,hedged
2023-06-29,2.9597222222222213,4388.045,4454.71,-3.5318869034552005,-0.5721646812329793,10.704409873355376,-0.6658508173613776,-2.577656252075174,-0.28378484721433,10.64165410472733,hedged,hedged
2023-06-30,0.1750000000000005,4454.71,4454.77,0.0020832487627327,0.1770832487627332,10.88149312211811,0.0805537531527374,0.004149268877312,0.2597030220300499,10.90135712675738,hedged,hedged
2023-07-03,-0.0237499999999964,4454.77,4449.56,0.0095058614869063,-0.01424413851309,10.86724898360502,-0.1166498866429891,0.2977507107736965,0.157350824130711,11.058707950888092,hedged,hedged
2023-07-05,-2.2782738095238013,4449.56,4411.185,2.088106053499565,-0.1901677560242367,10.677081227580782,0.5977036628733101,1.51867858210283,-0.1618915645476613,10.896816386340433,hedged,hedged
2023-07-06,-0.6249999999999928,4411.185,4409.29,0.1310633546301127,-0.49393664536988,10.183144582210902,0.355108327284064,0.0316509537215465,-0.2382407189943822,10.65857566734605,hedged,hedged
2023-07-07,-1.3274999999999988,4409.29,4402.3150000000005,1.0737404836109123,-0.2537595163890864,9.929385065821815,-0.0474803462596312,1.164731446139187,-0.210248900120443,10.448326767225604,hedged,hedged
2023-07-10,-5.4604166666666725,4402.3150000000005,4433.205,5.366031139881094,-0.0943855267855786,9.834999539036236,1.37861207587631,4.002633924388817,-0.079170666401545,10.36915610082406,hedged,hedged
2023-07-11,4.644642857142862,4433.205,4475.3150000000005,-5.17159853985452,-0.5269556827116579,9.308043856324575,-1.3111228466917315,-3.806020474832139,-0.4725004643810093,9.89665563644305,hedged,hedged
2023-07-12,4.458749999999993,4475.3150000000005,4517.27,-5.215385272968731,-0.7566352729687376,8.55140858335584,-1.9540068468509555,-3.44891126009379,-0.944168106944752,8.952487529498299,hedged,hedged
2023-07-13,-2.0625,4517.27,4502.795,2.16473200573634,0.1022320057363397,8.65364058909218,-0.0645147193999993,2.250059052300972,0.1230443329009722,9.075531862399272,hedged,hedged
2023-07-14,1.6485714285714297,4502.795,4526.879999999999,-1.4648683012995094,0.1837031272719202,8.837343716364101,0.360653110943578,-1.90806324831126,0.1011612912037478,9.17669315360302,hedged,hedged
2023-07-17,2.5103571428571345,4526.879999999999,4558.32,-2.8767368223669187,-0.3663796795097842,8.470964036854317,0.4265453790639135,-3.268102832245134,-0.3312003103240859,8.845492843278935,hedged,hedged
2023-07-18,2.2241071428571466,4558.32,4568.75,-2.5063033066283245,-0.2821961637711778,8.18876787308314,-0.3281048032625823,-2.149107344570791,-0.2531050049762267,8.592387838302708,hedged,hedged
2023-07-19,-10.929999999999996,4568.75,4533.91,10.788229441380432,-0.1417705586195641,8.046997314463576,3.527375066001846,7.554144087479021,0.151519153480871,8.743906991783579,hedged,hedged
2023-07-20,0.6869047619047595,4533.91,4537.49,-0.9184008887682978,-0.2314961268635383,7.815501187600038,0.2893024296478951,-1.0323346243564735,-0.056127432803819,8.68777955897976,hedged,hedged
2023-07-21,2.108333333333333,4537.49,4552.755,-2.1489914861682347,-0.0406581528349017,7.774843034765136,0.33275058281044,-2.438270925951604,0.0028129901921696,8.690592549171928,hedged,hedged
2023-07-24,0.2062500000000007,4552.755,4571.41,-0.2953772054229753,-0.0891272054229745,7.685715829342161,-0.3942071268615251,0.2340746860105245,0.0461175591490001,8.736710108320928,hedged,hedged
2023-07-25,-0.6166666666666665,4571.41,4566.57,0.4429364242893986,-0.1737302423772678,7.511985586964894,0.1964862271202548,0.3753225292480701,-0.0448579102983414,8.691852198022586,hedged,hedged
2023-07-26,-1.1290624999999972,4566.57,4533.335,1.1447899484920314,0.0157274484920342,7.527713035456928,-1.0212718313656706,1.9380405974754704,-0.2122937338901971,8.479558464132388,hedged,hedged
2023-07-27,-2.2593749999999955,4533.335,4578.62,2.585520896759684,0.3261458967596886,7.8538589322166175,0.307285752886196,2.2780265526157897,0.32593730550199,8.805495769634378,hedged,hedged
2023-07-28,0.308333333333331,4578.62,4577.33,-0.0680378175376874,0.2402955157956435,8.094154448012262,0.1114347043059678,-0.1135110911363206,0.3062569465029782,9.111752716137357,hedged,hedged
2023-07-31,0.3449999999999981,4577.33,4575.665,-0.0785221772213594,0.2664778227786386,8.3606322707909,0.1368247403011901,-0.1824184248755941,0.2994063154255941,9.411159031562953,hedged,hedged
2023-08-01,3.450000000000013,4575.665,4513.475,-3.390736218492824,0.0592637815071888,8.419896052298089,-0.3857031537795136,-2.9037580184087712,0.1605388278117283,9.57169785937468,hedged,hedged
2023-08-02,-1.933928571428572,4513.475,4503.9,1.926988164797668,-0.006940406630904,8.412955645667186,-0.1757517078534534,2.224435893113968,0.1147556138319427,9.686453473206624,hedged,hedged
2023-08-03,-8.931666666666668,4503.9,4475.67,8.014879306347224,-0.9167873603194449,7.496168285347741,1.1752497434338869,6.766601577034534,-0.989815346198248,8.696638127008374,hedged,hedged
2023-08-04,6.47,4475.67,4511.68,-5.72249073772148,0.7475092622785198,8.24367754762626,0.4795318327391371,-6.29535172653938,0.6541801061997568,9.35081823320813,hedged,hedged
2023-08-07,-0.884375000000002,4511.68,4499.93,0.938384845886292,0.0540098458862899,8.29768739351255,-0.0943963430501334,1.051172736681364,0.0724013936312284,9.42321962683936,hedged,hedged
2023-08-08,-2.252499999999997,4499.93,4481.595,2.628170819192644,0.375670819192647,8.673358212705198,0.061756528717415,2.556515159470891,0.3657716881883091,9.788991315027667,hedged,hedged
2023-08-09,-3.861875,4481.595,4462.76,3.584218621286027,-0.277656378713973,8.395701833991225,-0.0870343743292541,3.670692669616327,-0.2782167047129276,9.51077461031474,hedged,hedged
2023-08-10,1.1267857142857232,4462.76,4466.605,-0.4516601443232842,0.675125569962439,9.070827403953665,0.1875974790096227,-0.4980023377025777,0.8163808555927681,10.32715546590751,hedged,hedged
2023-08-11,-2.925000000000002,4466.605,4484.355,2.765950900407883,-0.159049099592119,8.911778304361546,0.0706108278374281,2.6775157505106693,-0.1768734216519045,10.150282044255604,hedged,hedged
2023-08-14,3.890624999999997,4484.355,4432.620000000001,-3.7838860810085286,0.1067389189914682,9.018517223353014,0.8308222524046501,-4.469531365359343,0.2519158870453042,10.402197931300908,hedged,hedged
2023-08-15,3.3375,4432.620000000001,4411.42,-3.2211719761079625,0.1163280238920374,9.134845247245051,0.3491170758099212,-3.664344973151517,0.0222721026584045,10.424470033959311,hedged,hedged
2023-08-16,0.8916666666666577,4411.42,4368.764999999999,-0.3800235707101957,0.511643095956462,9.646488343201511,-0.0402062355367169,-0.3429054443823062,0.5085549867476346,10.933025020706948,hedged,hedged
2023-08-17,-0.1343750000000074,4368.764999999999,4373.719999999999,0.0367581401481832,-0.0976168598518241,9.54887148334969,0.4816183414999798,-0.1594958745668337,0.1877474669331386,11.120772487640089,hedged,hedged
2023-08-18,-0.5583333333333234,4373.719999999999,4405.73,0.4195108342934343,-0.138822499039889,9.4100489843098,0.0051480902770872,0.4147726001480621,-0.1384126429081739,10.982359844731914,hedged,hedged
2023-08-21,0.8600694444444468,4405.73,4383.38,-0.5533123335980842,0.3067571108463626,9.716806095156162,0.6772771523072967,-1.3397151053945386,0.1976314913572048,11.17999133608912,hedged,hedged
2023-08-22,10.006249999999996,4383.38,4439.595,-9.884265556489185,0.1219844435108115,9.838790538666974,-0.3493282575295299,-9.51800849208484,0.1389132503856256,11.318904586474744,hedged,hedged
2023-08-23,-7.759374999999995,4439.595,4385.46,8.061172685309183,0.3017976853091877,10.14058822397616,2.0076056706570995,5.982580894726649,0.2308115653837532,11.549716151858496,hedged,hedged
2023-08-24,4.260416666666663,4385.46,4413.905,-3.5890980550556097,0.6713186116110537,10.811906835587216,0.7275604389994473,-4.143223814074939,0.8447532915911715,12.394469443449667,hedged,hedged
2023-08-25,2.8325000000000022,4413.905,4429.445,-2.8067420021158327,0.0257579978841695,10.837664833471386,0.1720895618090439,-3.071731928382419,-0.067142366573373,12.327327076876296,hedged,hedged
2023-08-28,-11.706250000000004,4429.445,4499.465,11.91339686279287,0.2071468627928663,11.044811696264253,-1.041138743955539,13.18300309917976,0.4356143552242155,12.762941432100511,hedged,hedged
2023-08-29,2.4184523809523784,4499.465,4513.87,-2.29666667093881,0.1217857100135684,11.16659740627782,0.0737107274398278,-2.41051444647659,0.081648661915616,12.844590094016128,hedged,hedged
2023-08-30,0.6098214285714241,4513.87,4519.465,-1.0245914384393344,-0.4147700098679103,10.751827396409912,0.0055817292434758,-0.9603868874300804,-0.3449837296151803,12.499606364400949,hedged,hedged
2023-08-31,0.8591666666666689,4519.465,4513.924999999999,-0.861157120176467,-0.001990453509798,10.749836942900114,0.7888418198483814,-1.2054844744210806,0.4425240120939697,12.942130376494916,hedged,hedged
2023-09-01,1.471874999999999,4513.924999999999,4507.23,-1.6672372137795473,-0.1953622137795483,10.554474729120566,0.0508866450245804,-1.8103412582122465,-0.2875796131876669,12.654550763307247,hedged,hedged
2023-09-05,1.1874999999999962,4507.23,4464.415,-1.0404191318078109,0.1470808681921853,10.701555597312751,0.0021636589498847,-1.0424617494751565,0.1472019094747245,12.801752672781973,hedged,hedged
2023-09-06,-2.5791666666666635,4464.415,4454.83,2.3532646948513616,-0.2259019718153019,10.475653625497449,-0.2644478936527038,2.6959419916604817,-0.1476725686588857,12.654080104123087,hedged,hedged
2023-09-07,0.5914285714285722,4454.83,4452.889999999999,0.30657847601251,0.8980070474410822,11.37366067293853,-0.0897758138248007,0.2726643702440712,0.7743171278478427,13.42839723197093,hedged,hedged
2023-09-08,-0.2970238095238164,4452.889999999999,4487.860000000001,0.3991475974423499,0.1021237879185334,11.475784460857064,0.8439711641265505,-0.4693627672580197,0.0775845873447144,13.505981819315643,hedged,hedged
2023-09-11,5.2687499999999865,4487.860000000001,4462.245000000001,-5.262660245257622,0.0060897547423648,11.48187421559943,-0.3291088665853913,-4.94396116801128,-0.0043200345966853,13.50166178471896,hedged,hedged
2023-09-12,0.933333333333326,4462.245000000001,4465.5,-0.8976365420174255,0.0356967913159005,11.517571006915327,-0.1669060031746095,-0.8502558553784665,-0.08382852521975,13.417833259499208,hedged,hedged
2023-09-13,1.5981249999999945,4465.5,4506.52,-1.4517538790718651,0.1463711209281293,11.66394212784346,-0.0813103798382948,-1.369189471055476,0.1476251491062237,13.565458408605432,hedged,hedged
2023-09-14,-11.297222222222222,4506.52,4448.639999999999,10.965955411029364,-0.331266811192858,11.3326753166506,0.2535974586225918,10.70778694471858,-0.3358378188810516,13.22962058972438,hedged,hedged
2023-09-15,-0.1099999999999952,4448.639999999999,4449.625,0.0789858811969238,-0.0310141188030713,11.30166119784753,-0.021994218415986,0.0878334771107632,-0.044160741305218,13.185459848419162,hedged,hedged
2023-09-18,0.2250000000000021,4449.625,4445.84,-0.1249853163151424,0.1000146836848596,11.40167588153239,-0.3993982816882869,0.1123465198381308,-0.062051761850154,13.123408086569007,hedged,hedged
2023-09-19,0.0809523809523831,4445.84,4408.67,0.0723271051933003,0.1532794861456833,11.554955367678073,0.6502274864243568,-0.5203944113076228,0.2107854560691171,13.334193542638126,hedged,hedged
2023-09-20,-7.065625,4408.67,4338.85,6.774675438541421,-0.2909495614585786,11.264005806219494,-0.4316040740844612,7.116851425180448,-0.3803776489040134,12.953815893734111,hedged,hedged
2023-09-21,-1.629166666666667,4338.85,4326.285,1.513222598000696,-0.1159440686659709,11.148061737553522,-0.0332774289729178,1.566344294131361,-0.0960998015082239,12.857716092225887,hedged,hedged
2023-09-22,-0.081250000000001,4326.285,4327.965,-0.1142837084851279,-0.1955337084851289,10.952528029068391,0.0315166314077219,-0.1388452022713155,-0.1885785708635945,12.669137521362297,hedged,hedged
2023-09-25,-3.036458333333336,4327.965,4274.49,1.4509202256095652,-1.585538107723771,9.366989921344622,1.836056396112358,0.008628126934465,-1.1917738102865132,11.477363711075782,hedged,hedged
2023-09-26,-0.0562499999999994,4274.49,4267.35,0.6826363629943208,0.6263863629943215,9.993376284338945,-0.0045186710855942,0.6352965161803352,0.5745278450947415,12.051891556170524,hedged,hedged
2023-09-27,4.070833333333334,4267.35,4299.06,-3.133361184278058,0.9374721490552758,10.93084843339422,-1.0832679923021458,-2.2576331704468986,0.7299321705842896,12.781823726754814,hedged,hedged
2023-09-28,-2.1718750000000004,4299.06,4285.61,1.8227803053621523,-0.3490946946378479,10.58175373875637,-0.2566193135489981,2.103023957884665,-0.3254703556643332,12.45635337109048,hedged,hedged
2023-09-29,0.3250000000000106,4285.61,4276.965,-0.2705087841645063,0.0544912158355043,10.636244954591875,0.2006491606175058,-0.541206773045791,-0.0155576124282745,12.440795758662206,hedged,hedged
2023-10-02,7.990937500000001,4276.965,4225.905,-8.912248664383247,-0.921311164383246,9.71493379020863,-1.479478178321258,-6.943761186010568,-0.4323018643318255,12.008493894330382,hedged,hedged
2023-10-03,5.029374999999995,4225.905,4264.695,-4.849460104399815,0.1799148956001799,9.89484868580881,-1.1174080357885383,-3.897405834897699,0.0145611293137566,12.023055023644138,hedged,hedged
2023-10-04,-0.9708333333333312,4264.695,4259.48,0.8033969546671722,-0.167436378666159,9.727412307142652,0.0163245950106379,0.7648418057495637,-0.1896669325731295,11.83338809107101,hedged,hedged
2023-10-05,7.539999999999999,4259.48,4318.08,-7.334240344585986,0.2057596554140133,9.933171962556663,-0.4129319039255516,-6.8712185827555485,0.2558495133188989,12.089237604389908,hedged,hedged
2023-10-06,-3.502500000000003,4318.08,4361.61,3.7737280867737946,0.2712280867737915,10.204400049330456,0.247090750652609,3.5292109713553312,0.2738017220079372,12.363039326397844,hedged,hedged
2023-10-10,-3.0020833333333465,4361.61,4373.5650000000005,3.3595526503694093,0.3574693170360628,10.56186936636652,-0.6337787947537028,3.8120738677086927,0.1762117396216433,12.539251066019489,hedged,hedged
2023-10-11,-6.394444444444447,4373.5650000000005,4350.3150000000005,5.616399505838107,-0.7780449386063397,9.78382442776018,1.4101205519598894,4.442139859115642,-0.5421840333689154,11.997067032650572,hedged,hedged
2023-10-12,-8.770000000000003,4350.3150000000005,4317.3150000000005,6.882720708900185,-1.8872792910998184,7.896545136660362,-0.9090073153781558,7.472642509606539,-2.2063648057716208,9.790702226878953,hedged,hedged
2023-10-13,2.7797619047619,4317.3150000000005,4376.745000000001,-2.7861178653267547,-0.0063559605648548,7.890189176095507,0.5765953800314871,-3.295433342853768,0.060923941939619,9.851626168818571,hedged,hedged
2023-10-16,-1.6814285714285755,4376.745000000001,4362.825,1.6369513417752104,-0.044477229653365,7.845711946442142,0.3930816414056674,1.195031956790203,-0.0933149732327049,9.758311195585868,hedged,hedged
2023-10-17,-7.683333333333327,4362.825,4312.58,7.410978131974226,-0.2723552013591011,7.573356745083041,-1.8610686172130828,8.944795833193876,-0.5996061173525344,9.158705078233332,hedged,hedged
2023-10-18,-10.624404761904763,4312.58,4271.85,9.602212287409662,-1.0221924744951014,6.55116427058794,-1.65238278790422,10.976555764465664,-1.3002317853433176,7.8584732928900145,hedged,hedged
2023-10-19,-6.94375,4271.85,4227.57,7.793014882409305,0.8492648824093054,7.400429152997245,-0.3996826081625846,8.246278065976586,0.902845457814002,8.761318750704017,hedged,hedged
2023-10-20,2.364583333333337,4227.57,4221.375,-1.0676640252267404,1.2969193081065966,8.697348461103841,-0.5658151773888552,-1.5926734940834446,0.2060946618610371,8.967413412565055,hedged,hedged
2023-10-23,0.0043750000000025,4221.375,4252.775,1.17432000263142,1.1786950026314225,9.876043463735265,-2.4012374697152064,3.053457842454,0.6565953727387961,9.62400878530385,hedged,hedged
2023-10-24,-3.716666666666667,4252.775,4187.625,3.533363891223204,-0.183302775443463,9.6927406882918,-0.0207710429537729,3.5510340447446365,-0.1864036648758031,9.437605120428048,hedged,hedged
2023-10-25,-1.646875000000008,4187.625,4137.25,1.9643930606003428,0.3175180606003347,10.010258748892136,-0.6979128650994822,2.642075712002496,0.2972878469030053,9.734892967331051,hedged,hedged
2023-10-26,-5.325297619047621,4137.25,4105.085,5.39445056827381,0.069152949226189,10.079411698118324,-0.4641566938966748,5.859801512113488,0.0703471991691921,9.805240166500244,hedged,hedged
2023-10-27,-3.5792857142857097,4105.085,4171.79,3.599581945727936,0.0202962314422263,10.099707929560552,-6.075440319048245,8.987556888214431,-0.667169145119523,9.13807102138072,hedged,hedged
2023-10-30,-0.5209821428571462,4171.79,4190.610000000001,2.1818822946926604,1.6609001518355142,11.760608081396066,-1.5585819454177705,3.1319125590051127,1.052348470730196,10.190419492110918,hedged,hedged
2023-10-31,-38.81625,4190.610000000001,4316.49,39.99877549589075,1.1825254958907507,12.943133577286815,-0.2635402648632692,40.31818857771252,1.238398312849256,11.428817804960174,hedged,hedged
2023-11-02,-3.4587053571428665,4316.49,4364.055,3.0650781573083603,-0.3936271998345062,12.54950637745231,-0.2882795079872577,3.340330925881248,-0.4066539392488764,11.022163865711295,hedged,hedged
2023-11-03,-0.4785714285714275,4364.055,4359.235000000001,0.2194276859052693,-0.2591437426661581,12.290362634786153,-0.0690036953204646,0.0056029588002586,-0.5419721650916336,10.480191700619663,hedged,hedged
2023-11-06,1.2857142857142871,4359.235000000001,4385.335,-1.250949005824298,0.0347652798899891,12.32512791467614,0.0825446259650365,-1.333256448002221,0.0350024636771026,10.515194164296766,hedged,hedged
2023-11-07,-0.3989583333333334,4385.335,4386.49,-0.194863474028416,-0.5938218073617494,11.731306107314392,0.0971531202026644,-0.2114537394278389,-0.513258952558508,10.00193521173826,hedged,hedged
2023-11-08,-3.5849999999999955,4386.49,4344.435,3.7104755099626017,0.1254755099626061,11.856781617276996,-1.5228013894063823,5.036202006345101,-0.0715993830612768,9.93033582867698,hedged,hedged
2023-11-09,9.419444444444444,4344.435,4414.635,-9.434411818189,-0.0149673737445557,11.841814243532442,-0.1447986914823904,-9.26009903865682,0.0145467143052329,9.944882542982214,hedged,hedged
2023-11-10,0.4375,4414.635,4413.530000000001,-0.0503065026759769,0.387193497324023,12.229007740856463,0.0020586680167905,-0.0394703330571323,0.4000883349596581,10.344970877941872,hedged,hedged
2023-11-13,-15.453571428571433,4413.530000000001,4503.8150000000005,14.932767409906829,-0.5208040186646041,11.70820372219186,-1.1763782131117866,16.489286159687456,-0.1406634819957624,10.20430739594611,hedged,hedged
2023-11-14,-0.5050000000000021,4503.8150000000005,4507.355,0.2379896418495139,-0.2670103581504882,11.441193364041371,0.0043043438414244,0.0847172016588681,-0.4159784544997095,9.7883289414464,hedged,hedged
2023-11-15,0.0875000000000082,4507.355,4505.95,-0.1585292261805754,-0.0710292261805672,11.370164137860806,0.1306278463280998,-0.1832356156922895,0.0348922306358185,9.82322117208222,hedged,hedged
2023-11-16,-0.044196428571429,4505.95,4509.15,0.202946649525647,0.158750220954218,11.528914358815024,-0.0258071189382273,0.2581355689913649,0.1881320214817085,10.011353193563927,hedged,hedged
2023-11-17,-8.189285714285715,4509.15,4555.075,8.260082925871943,0.0707972115862283,11.599711570401253,0.6032784612164085,7.693956866235065,0.1079496131657586,10.119302806729683,hedged,hedged
2023-11-20,-4.4925000000000015,4555.075,4536.879999999999,4.114630404969531,-0.3778695950304707,11.221841975370785,-0.160079964065274,4.309916194073851,-0.3426637699914252,9.77663903673826,hedged,hedged
2023-11-21,0.2666666666666641,4536.879999999999,4557.615,-0.3657404168940539,-0.0990737502273898,11.122768225143393,-0.3003777457477785,-0.015873688159458,-0.0495847672405724,9.727054269497687,hedged,hedged
2023-11-22,-0.9000000000000099,4557.615,4554.625,0.7370814143830511,-0.1629185856169588,10.959849639526434,0.3645803629200761,0.6210559469097118,0.0856363098297779,9.812690579327466,hedged,hedged
2023-11-24,0.282638888888892,4554.625,4556.51,-0.2251616050832695,0.0574772838056224,11.017326923332057,0.0047555940903649,-0.21829138007844,0.0691031029008169,9.881793682228285,hedged,hedged
2023-11-27,-0.7714285714285867,4556.51,4550.98,0.7992038573098421,0.0277752858812554,11.045102209213312,0.3025876005945939,0.5992644972406613,0.1304235264066686,10.01221720863495,hedged,hedged
2023-11-28,-0.9308333333333364,4550.98,4550.6,0.068813629536933,-0.8620197037964034,10.183082505416907,-0.0087858663704039,0.0658945634331086,-0.8737246362706317,9.13849257236432,hedged,hedged
2023-11-29,1.5250000000000052,4550.6,4557.025,-1.5476268514264309,-0.0226268514264256,10.160455653990484,0.0783418426538336,-1.630627240078883,-0.0272853974250442,9.111207174939274,hedged,hedged
2023-11-30,4.147499999999996,4557.025,4591.915,-0.8004888789574663,3.34701112104253,13.507466775033013,0.3621186045304779,-1.379199627023135,3.130418977507339,12.241626152446614,hedged,hedged
2023-12-01,-4.950000000000003,4591.915,4567.79,5.1403394111645255,0.1903394111645227,13.697806186197536,-0.2623966124298699,5.4544951271680535,0.2420985147381804,12.483724667184797,hedged,hedged
2023-12-04,0.7541666666666714,4567.79,4565.195,-0.4469498187051598,0.3072168479615116,14.005023034159048,0.0330262291946975,-0.491721178214481,0.2954717176468879,12.779196384831684,hedged,hedged
2023-12-05,-1.7283333333333324,4565.195,4553.235000000001,1.7260960280802238,-0.0022373052531086,14.002785728905938,-0.089208026292849,1.7963526469675613,-0.0211887126586201,12.758007672173065,hedged,hedged
2023-12-06,6.278749999999993,4553.235000000001,4583.71,-6.664050507752584,-0.3853005077525901,13.617485221153348,-0.2100439996506091,-6.399485295550644,-0.3307792952012596,12.427228376971804,hedged,hedged
2023-12-07,5.708928571428574,4583.71,4607.395,-4.938491316085387,0.7704372553431869,14.387922476496534,-0.5333402423056868,-4.441542358734843,0.7340459703880446,13.16127434735985,hedged,hedged
2023-12-08,0.5071428571428577,4607.395,4619.135,-0.521535287734773,-0.0143924305919153,14.37353004590462,0.0459155559161461,-0.6045733835440421,-0.0515149704850382,13.10975937687481,hedged,hedged
2023-12-11,-3.1699999999999986,4619.135,4640.139999999999,3.722941079199976,0.5529410791999778,14.926471125104598,0.2688399741807397,3.3505443404894684,0.4493843146702097,13.55914369154502,hedged,hedged
2023-12-12,4.857812500000003,4640.139999999999,4700.195,-5.550680519844284,-0.6928680198442807,14.233603105260318,-0.6853985160732802,-4.956093231218791,-0.783679247292068,12.775464444252954,hedged,hedged
2023-12-13,2.0375000000000014,4700.195,4713.47,-2.8500295890854668,-0.8125295890854654,13.421073516174854,-0.3738251687358614,-2.417599053270062,-0.7539242220059221,12.021540222247031,hedged,hedged
2023-12-14,-0.5916666666666653,4713.47,4710.885,0.1958466393704996,-0.3958200272961657,13.025253488878688,-0.1150459280266655,0.3017708425968162,-0.4049417520965147,11.616598470150516,hedged,hedged
2023-12-15,-11.454166666666667,4710.885,4743.879999999999,11.773933305734191,0.3197666390675255,13.345020127946214,0.0115880155901916,11.763501955684376,0.3209233046079003,11.937521774758418,hedged,hedged
2023-12-18,-0.0214285714285689,4743.879999999999,4763.2,0.422588814342537,0.4011602429139681,13.746180370860182,-0.0275394392790962,0.4483566852531363,0.3993886745454711,12.33691044930389,hedged,hedged
2023-12-19,-8.033482142857139,4763.2,4716.21,7.540760710670912,-0.4927214321862267,13.253458938673957,-0.7183983981673376,8.224255624955882,-0.5276249160685946,11.809285533235297,hedged,hedged
2023-12-20,0.787500000000005,4716.21,4739.965,-0.2232696740924627,0.5642303259075423,13.817689264581498,0.1648631078451198,-0.4812953939425308,0.4710677139025941,12.280353247137889,hedged,hedged
2023-12-21,2.1583333333333377,4739.965,4752.725,-2.1152064405335143,0.0431268927998234,13.860816157381322,-0.036964391700147,-2.075167690254258,0.0462012513789318,12.32655449851682,hedged,hedged
2023-12-22,0.8821428571428571,4752.725,4779.14,-0.9867062794020004,-0.1045634222591432,13.756252735122178,0.5393046722610388,-1.4419214097632211,-0.0204738803593251,12.306080618157496,hedged,hedged
2023-12-26,-0.3375000000000012,4779.14,4773.27,0.9442334371073096,0.6067334371073083,14.362986172229489,0.4263523507903464,0.7654368254517679,0.8542891762421132,13.160369794399609,hedged,hedged
2023-12-27,5.162499999999998,4773.27,4791.375,-5.043546308737121,0.1189536912628765,14.481939863492364,0.1762435081168576,-5.306710344643712,0.0320331634731436,13.192402957872751,hedged,hedged
2023-12-28,4.783333333333331,4791.375,4771.785,-4.27952387652064,0.5038094568126912,14.985749320305056,-0.2534939781710505,-4.082399023264534,0.4474403318977469,13.639843289770498,hedged,hedged
2023-12-29,12.733749999999995,4771.785,4727.745,-12.304498717979774,0.4292512820202212,15.415000602325277,0.6655250405953606,-13.039970616556428,0.3593044240389282,13.999147713809426,hedged,hedged
2024-01-02,-2.750000000000003,4727.745,4708.09,2.642568582529889,-0.1074314174701136,15.307569184855163,0.3386731114247464,2.33711574630433,-0.0742111422709266,13.9249365715385,hedged,hedged
2024-01-03,-0.6733333333333315,4708.09,4700.77,1.3300514827067589,0.6567181493734274,15.96428733422859,0.1419315717573094,1.25206365262214,0.720661891046118,14.645598462584616,hedged,hedged
2024-01-04,-0.5125000000000015,4700.77,4691.665000000001,1.3211855491659596,0.8086855491659581,16.772972883394548,0.0348596269758053,1.301874107026468,0.824233734002272,15.46983219658689,hedged,hedged
2024-01-05,8.634166666666673,4691.665000000001,4758.775,-8.185645414629564,0.4485212520371089,17.221494135431655,0.7700683850904082,-9.050334409979603,0.353900641777475,15.823732838364364,hedged,hedged
2024-01-08,-1.6424999999999972,4758.775,4751.14,1.8006905857519475,0.1581905857519503,17.379684721183605,-0.0116968679509409,1.8847118597217347,0.2305149917707964,16.05424783013516,hedged,hedged
2024-01-09,2.1798611111111112,4751.14,4776.055,-2.4228959095402947,-0.2430347984291834,17.136649922754422,0.1740692884927626,-2.584248114873536,-0.2303177152696625,15.823930114865496,hedged,hedged
2024-01-10,-0.9214285714285718,4776.055,4775.54,0.1087581557663397,-0.812670415662232,16.32397950709219,0.0648677686853188,0.1172855401653799,-0.739275262577873,15.084654852287624,hedged,hedged
2024-01-11,0.5761904761904736,4775.54,4781.165,-1.321887788967241,-0.7456973127767671,15.578282194315422,0.1219540821691576,-1.4709461883548731,-0.7728016299952419,14.311853222292385,hedged,hedged
2024-01-12,-4.4872023809523816,4781.165,4757.78,4.178489572883223,-0.308712808069159,15.269569386246264,-0.4170146155373611,4.5379149523263225,-0.3663020441634206,13.945551178128962,hedged,hedged
2024-01-16,2.226249999999998,4757.78,4732.085,-2.365606507203148,-0.1393565072031499,15.130212879043114,-0.3144150738974828,-2.093585578958771,-0.1817506528562558,13.763800525272709,hedged,hedged
2024-01-17,13.1375,4732.085,4779.225,-13.538482757219658,-0.4009827572196585,14.729230121823456,2.4723010419833904,-16.23362987329149,-0.6238288313081011,13.139971693964606,hedged,hedged
2024-01-18,-0.3255357142856966,4779.225,4834.91,-0.1710937585233828,-0.4966294728090794,14.232600649014376,-0.0080300125310113,-0.1617477103380753,-0.4953134371547832,12.644658256809825,hedged,hedged
2024-01-19,1.6793749999999923,4834.91,4853.12,-1.533426869484603,0.1459481305153893,14.378548779529766,-0.1340198410216334,-1.4230379121518648,0.1223172468264939,12.766975503636315,hedged,hedged
2024-01-22,0.3333333333333326,4853.12,4861.424999999999,-0.2470655303716941,0.0862678029616384,14.464816582491403,-0.0789679274980132,-0.0414625576594486,0.2129028481758707,12.979878351812188,hedged,hedged
2024-01-23,-0.3828125000000014,4861.424999999999,4878.335,0.5009204554697498,0.1181079554697484,14.582924537961151,-0.0085141711394665,0.5117261656255943,0.1203994944861263,13.100277846298312,hedged,hedged
2024-01-24,1.5749999999999975,4878.335,4885.24,-1.77364133811213,-0.1986413381121323,14.38428319984902,-0.4770350408294782,-1.3650823069116966,-0.2671173477411772,12.833160498557136,hedged,hedged
2024-01-25,0.7343749999999944,4885.24,4888.715,-0.5749877911341061,0.1593872088658883,14.543670408714908,0.0309293031684217,-0.5964035123950292,0.168900790773387,13.002061289330523,hedged,hedged
2024-01-26,-0.2020833333333337,4888.715,4922.945,-0.1775709336799144,-0.3796542670132481,14.16401614170166,0.0525870670000477,-0.2270089275964245,-0.3765051939297105,12.625556095400812,hedged,hedged
2024-01-29,0.0812499999999983,4922.945,4925.639999999999,-0.1238902485849682,-0.0426402485849699,14.12137589311669,-0.0064339506662568,-0.1020588152483692,-0.0272427659146278,12.598313329486183,hedged,hedged
2024-01-30,-2.073958333333332,4925.639999999999,4850.5,2.050501293293749,-0.0234570400395828,14.097918853077108,-0.5838765894850445,2.68557693808107,0.0277420152626937,12.62605534474888,hedged,hedged
2024-01-31,4.9397321428571415,4850.5,4902.66,-5.172890965656979,-0.2331588227998375,13.86476003027727,-0.5073779901375173,-4.6752765286230575,-0.2429223759034338,12.383132968845445,hedged,hedged
2024-02-01,15.892063492063494,4902.66,4965.255,-13.542598728908692,2.349464763154801,16.214224793432074,-2.42348963156808,-11.433631829059882,2.0349420314355324,14.418075000280975,hedged,hedged
2024-02-02,-1.7906249999999977,4965.255,4945.675,2.8266082522327958,1.0359832522327976,17.25020804566487,0.5553546728696596,2.4511748192861305,1.2159044921557922,15.633979492436769,hedged,hedged
2024-02-05,-0.2666666666666643,4945.675,4943.799999999999,-0.1424580628698702,-0.4091247295365345,16.841083316128337,0.1893234700281608,-0.1993684753560167,-0.2767116719945202,15.35726782044225,hedged,hedged
2024-02-06,25.741666666666667,4943.799999999999,4995.299999999999,-26.125169582386587,-0.3835029157199194,16.457580400408418,0.0931884750690492,-26.210939821345125,-0.3760846796094093,14.98118314083284,hedged,hedged
2024-02-07,0.3299999999999861,4995.299999999999,4997.105,-0.3763294172834563,-0.0463294172834702,16.411250983124948,0.095857988214299,-0.2907984974207393,0.1350594907935458,15.116242631626386,hedged,hedged
2024-02-08,4.491666666666663,4997.105,5021.91,-4.13035858428378,0.3613080823828829,16.77255906550783,-0.6583658061675717,-3.5325117738316165,0.3007890866674745,15.41703171829386,hedged,hedged
2024-02-09,0.1738095238095226,5021.91,5023.9,-0.0651982456107048,0.1086112781988177,16.88117034370665,-0.0305852130022618,-0.0351706703222699,0.1080536404849907,15.525085358778853,hedged,hedged
2024-02-12,2.9291666666666645,5023.9,4939.219999999999,-2.997522731027977,-0.0683560643613123,16.81281427934534,-0.1094703502820881,-2.855923714633965,-0.0362273982493892,15.488857960529463,hedged,hedged
2024-02-13,5.416666666666668,4939.219999999999,4993.52,-5.262800451252354,0.1538662154143137,16.966680494759654,0.5378029912608412,-5.801096744427113,0.1533729135003962,15.64223087402986,hedged,hedged
2024-02-14,5.636458333333331,4993.52,5024.73,-5.098459737405443,0.5379985959278883,17.504679090687542,-0.711188634816402,-4.479830605060542,0.445439093456387,16.087669967486246,hedged,hedged
2024-02-15,-1.972500000000001,5024.73,5006.505,1.811932961134595,-0.1605670388654063,17.344112051822137,-0.0190863490886505,1.8285576955697496,-0.163028653518902,15.924641313967344,hedged,hedged
2024-02-16,13.904166666666669,5006.505,4968.545,-13.683529013433125,0.2206376532335454,17.564749705055682,2.0116118012169557,-15.433484145142488,0.4822943227411347,16.40693563670848,hedged,hedged
2024-02-20,0.5593749999999991,4968.545,4970.795,-0.2690938668256436,0.2902811331743554,17.85503083823004,-0.0067317691537729,-0.2842263789106608,0.2684168519355653,16.675352488644045,hedged,hedged
2024-02-21,26.912499999999994,4970.795,5087.780000000001,-25.60655128262073,1.305948717379259,19.1609795556093,2.4333468626902297,-29.057126752015645,0.2887201106745785,16.964072599318623,hedged,hedged
2024-02-22,1.347222222222224,5087.780000000001,5091.1,-0.5247258230534445,0.8224963991687796,19.98347595477808,0.0753676066865923,-0.4730148812659207,0.9495749476428956,17.913647546961517,hedged,hedged
2024-02-23,-1.0899999999999943,5091.1,5073.97,1.2409623015807798,0.1509623015807855,20.134438256358862,-0.0518284141770895,1.2787733593334216,0.1369449451563378,18.05059249211785,hedged,hedged
2024-02-26,-0.0785714285714208,5073.97,5076.645,0.0595957269423609,-0.0189757016290598,20.11546255472981,0.0334384476022661,0.1251321693894029,0.0799991884202483,18.130591680538103,hedged,hedged
2024-02-27,-0.1240624999999999,5076.645,5067.165,0.1343775175022709,0.0103150175022709,20.12577757223208,0.2351006354544098,-0.0745057591642644,0.0365323762901454,18.16712405682825,hedged,hedged
2024-02-28,5.433750000000003,5067.165,5092.395,-5.2228708327219655,0.2108791672780379,20.336656739510115,-1.3109126669438895,-3.933339901646957,0.1894974314091571,18.35662148823741,hedged,hedged
2024-02-29,7.592410714285718,5092.395,5136.3,-7.056425817554015,0.5359848967317031,20.872641636241816,-0.7714918642069232,-6.439374752660364,0.3815440974184305,18.73816558565584,hedged,hedged
2024-03-01,-0.4785714285714307,5136.3,5136.455,0.0156621070341723,-0.4629093215372584,20.40973231470456,-0.0003364694644254,0.0156387977236347,-0.4632691003122214,18.274896485343618,hedged,hedged
2024-03-04,-7.413194444444449,5136.455,5064.16,7.668322948871234,0.2551285044267848,20.664860819131345,0.6259005723684413,6.937924707953964,0.1506308358779557,18.425527321221573,hedged,hedged
2024-03-05,0.539583333333334,5064.16,5103.165,-0.8327496782627694,-0.2931663449294354,20.37169447420191,-0.1084926793200166,-0.7311496062025727,-0.3000589521892554,18.12546836903232,hedged,hedged
2024-03-06,12.886160714285714,5103.165,5160.33,-12.55216478960402,0.3339959246816946,20.705690398883604,0.8594156853115358,-13.721778386966855,0.023798012630392,18.149266381662702,hedged,hedged
2024-03-07,-2.3962499999999967,5160.33,5127.49,2.55370513402744,0.157455134027443,20.863145532911048,1.4069487183596805,1.2682889067241885,0.2789876250838718,18.428254006746577,hedged,hedged
2024-03-08,-0.8166666666666664,5127.49,5119.77,0.6741559522909728,-0.1425107143756936,20.720634818535355,-0.0500945510737588,0.8017068346008172,-0.0650543831396081,18.36319962360697,hedged,hedged
2024-03-11,-0.9742857142857172,5119.77,5173.620000000001,1.2197205694105937,0.2454348551248765,20.966069673660236,-0.853164255900328,2.0416094274817973,0.2141594572957521,18.577359080902724,hedged,hedged
2024-03-12,-0.1350000000000007,5173.620000000001,5165.785,-0.1039709995313632,-0.2389709995313639,20.727098674128868,0.1575193049805837,-0.1994223774103326,-0.1769030724297496,18.400456008472972,hedged,hedged
2024-03-13,-6.5428571428571445,5165.785,5136.31,6.589618572398825,0.0467614295416805,20.77386010367055,-0.9942374084142608,7.4439213934948,-0.0931731577766052,18.30728285069637,hedged,hedged
2024-03-14,-4.930555555555558,5136.31,5116.02,4.416592245428419,-0.5139633101271386,20.25989679354341,-0.1283513811607796,4.558163713428912,-0.5007432232874258,17.806539627408945,hedged,hedged
2024-03-15,-7.789375,5116.02,5158.4,7.407014966185552,-0.3823600338144475,19.877536759728965,0.997398786010656,6.378496519885683,-0.4134796941036605,17.393059933305285,hedged,hedged
2024-03-18,-1.9274999999999904,5158.4,5170.85,2.636802275936497,0.7093022759365066,20.58683903566547,0.2798672337105393,2.208948309465406,0.5613155431759549,17.95437547648124,hedged,hedged
2024-03-19,3.714374999999998,5170.85,5216.655,-4.069506744153358,-0.3551317441533599,20.23170729151211,0.1771632184789362,-4.2561118400881695,-0.3645736216092348,17.589801854872004,hedged,hedged
2024-03-20,4.187500000000002,5216.655,5248.985000000001,-4.34478839830594,-0.1572883983059378,20.07441889320617,0.0528581083487628,-4.4015254306982765,-0.1611673223495122,17.42863453252249,hedged,hedged
2024-03-21,-2.2916666666666754,5248.985000000001,5239.655,2.090713722721782,-0.2009529439448933,19.87346594926128,0.4517465216240554,1.7756173594050182,-0.0643027856376017,17.36433174688489,hedged,hedged
2024-03-22,0.4583333333333408,5239.655,5224.995,-0.5338746030945003,-0.0755412697611594,19.79792467950012,-0.0412971705848165,-0.4877000946525773,-0.0706639319040531,17.293667814980836,hedged,hedged
2024-03-25,1.6135416666666649,5224.995,5211.65,-1.482061793853887,0.1314798728127779,19.929404552312896,0.628585662660002,-1.9697197366857,0.2724075926409668,17.566075407621803,hedged,hedged
2024-03-26,1.4066964285714278,5211.65,5243.49,-1.4908634206222795,-0.0841669920508516,19.84523756026205,0.0673437129472363,-1.5614184848996455,-0.0873783433809813,17.478697064240823,hedged,hedged
2024-03-27,1.860714285714287,5243.49,5259.765,-1.9225415552764549,-0.0618272695621675,19.78341029069988,0.1942257347881938,-2.1727903908935344,-0.1178503703910536,17.36084669384977,hedged,hedged
2024-03-28,-2.0087500000000014,5259.765,5240.58,1.8626799784258683,-0.1460700215741328,19.637340269125744,0.3399263068952163,1.575747682398947,-0.0930760107058381,17.26777068314393,hedged,hedged
2024-04-01,0.1850000000000114,5240.58,5205.795,-0.3373390477908906,-0.1523390477908792,19.485001221334866,-0.7440396167019678,0.3038915127243655,-0.2551481039775909,17.01262257916634,hedged,hedged
2024-04-02,0.1812499999999973,5205.795,5212.365,-0.3544967061852057,-0.1732467061852083,19.31175451514966,0.0347695491321145,-0.4057935781382807,-0.1897740290061688,16.82284855016017,hedged,hedged
2024-04-03,1.1343749999999964,5212.365,5151.275,-1.1184317978309255,0.0159432021690708,19.327697717318728,0.5987134125580056,-1.8419247426614187,-0.1088363301034167,16.714012220056752,hedged,hedged
2024-04-04,10.054910714285723,5151.275,5200.465,-9.177371818602916,0.8775388956828074,20.20523661300153,1.0135748270807416,-10.456035267979791,0.6124502733866741,17.326462493443426,hedged,hedged
2024-04-05,-1.6833333333333442,5200.465,5204.39,0.9319871780240826,-0.7513461553092616,19.453890457692275,0.0868676142203959,0.9734831441753724,-0.6229825749375758,16.70347991850585,hedged,hedged
2024-04-08,-0.6499999999999995,5204.39,5197.365,0.8185075306248444,0.1685075306248449,19.62239798831712,-0.0437162335440359,0.8617754457851787,0.1680592122411432,16.871539130746992,hedged,hedged
2024-04-09,-3.793750000000008,5197.365,5162.455,4.311337960730839,0.5175879607308307,20.139985949047947,-0.108558836297337,4.425865048851825,0.5235562125544795,17.39509534330147,hedged,hedged
2024-04-10,7.825000000000003,5162.455,5209.18,-7.890128959356026,-0.0651289593560235,20.074856989691924,-1.9089188616002688,-5.926103138749986,-0.0100220003502515,17.38507334295122,hedged,hedged
2024-04-11,-18.077500000000004,5209.18,5121.21,17.510726962550798,-0.5667730374492059,19.50808395224272,2.725461385609065,14.193594006876824,-1.1584446075141148,16.226628735437103,hedged,hedged
2024-04-12,-9.36875,5121.21,5059.98,9.77984193978683,0.4110919397868304,19.91917589202955,0.6833642014667495,9.149405176566496,0.464019378033246,16.69064811347035,hedged,hedged
2024-04-15,-0.1641666666666648,5059.98,5060.785,0.065977508187576,-0.0981891584790887,19.820986733550463,-0.1724262658158449,0.0774144445017969,-0.2591784879807126,16.431469625489637,hedged,hedged
2024-04-16,2.578333333333342,5060.785,5029.06,-2.038705944472452,0.53962738886089,20.360614122411352,0.4879263016178536,-2.610360507064769,0.4558991278864268,16.887368753376062,hedged,hedged
2024-04-17,-0.2076388888888888,5029.06,5017.68,1.40115616305679,1.1935172741679014,21.55413139657925,0.0832277458108535,1.2526763507398722,1.128265207661837,18.0156339610379,hedged,hedged
2024-04-18,-10.906428571428576,5017.68,4959.17,11.82398646119573,0.9175578897671546,22.47168928634641,-1.3438306196856165,13.041753325663446,0.7914941345492537,18.807128095587156,hedged,hedged
2024-04-19,8.494642857142853,4959.17,5013.355,-7.553775800802519,0.940867056340334,23.412556342686745,-0.8768962283648813,-6.908557685957889,0.7091889428200835,19.51631703840724,hedged,hedged
2024-04-22,-2.929999999999992,5013.355,5072.045,3.838563609000136,0.908563609000144,24.32111995168689,-3.339910137254361,7.006812867627473,0.7369027303731199,20.25321976878036,hedged,hedged
2024-04-23,0.1421875000000076,5072.045,5072.799999999999,0.0343133600313509,0.1765008600313585,24.49762081171825,-0.0518849211978803,0.0427384493401395,0.1330410281422667,20.386260796922624,hedged,hedged
2024-04-24,1.2312500000000028,5072.799999999999,5045.8150000000005,-1.1606654419742917,0.0705845580257111,24.56820536974396,-1.1359505629823203,-0.230542771028601,-0.1352433340109184,20.251017462911705,hedged,hedged
2024-04-25,10.512499999999998,5045.8150000000005,5101.46,-11.15166004671216,-0.6391600467121616,23.929045323031797,1.425983447277264,-12.515804764301173,-0.5773213170239107,19.6736961458878,hedged,hedged
2024-04-26,-0.0416666666666692,5101.46,5105.04,0.1741154801049105,0.1324488134382414,24.061494136470035,-0.075809650949236,0.1000566334158174,-0.0174196842000878,19.656276461687707,hedged,hedged
2024-04-29,-10.172500000000005,5105.04,5060.475,10.2314289642111,0.0589289642110966,24.12042310068113,0.5663320424138667,9.682303565161169,0.076135607575031,19.732412069262736,hedged,hedged
2024-04-30,0.7454365079365088,5060.475,5047.045,-0.6472880257361201,0.0981484822003887,24.21857158288152,0.0606013030857061,-0.7400873138816707,0.0659504971405443,19.79836256640328,hedged,hedged
2024-05-01,2.0322222222222246,5047.045,5056.965,-2.66760370172762,-0.6353814795053956,23.58319010337613,0.0477202300574165,-2.733436484938475,-0.6534940326588337,19.144868533744447,hedged,hedged
2024-05-02,9.590625,5056.965,5129.95,-9.91823849852222,-0.3276134985222203,23.255576604853907,0.717558779526236,-10.631494751439142,-0.3233109719129068,18.82155756183154,hedged,hedged
2024-05-03,4.279166666666666,5129.95,5169.844999999999,-4.078693508317093,0.2004731583495731,23.45604976320348,-1.0863642106315543,-2.9910473266827693,0.201755129352342,19.02331269118388,hedged,hedged
2024-05-06,0.6557142857142888,5169.844999999999,5184.615,-0.1330825211464345,0.5226317645678543,23.978681527771336,0.1871630933198095,-0.372268967275359,0.4706084117587393,19.493921102942625,hedged,hedged
2024-05-07,0.1648809523809515,5184.615,5189.02,0.1111851137542071,0.2760660661351586,24.25474759390649,-0.337333720680354,0.2803697446702053,0.1079169763708027,19.601838079313424,hedged,hedged
2024-05-08,2.2064285714285776,5189.02,5210.83,-2.6954546833443715,-0.4890261119157939,23.7657214819907,-0.3517091540776788,-2.2673120012634307,-0.4125925839125319,19.189245495400893,hedged,hedged
2024-05-09,0.9442857142857144,5210.83,5222.0,-1.2044502800540633,-0.2601645657683489,23.50555691622235,-0.00100956150821,-1.2030880207097925,-0.259811867932288,18.929433627468605,hedged,hedged
2024-05-10,-0.1791666666666659,5222.0,5222.85,0.1667571466708811,-0.0124095199957847,23.493147396226565,0.0015032354688776,0.1691535106609034,-0.0085099205368847,18.92092370693172,hedged,hedged
2024-05-13,2.123214285714272,5222.85,5248.83,-1.8971634994681144,0.2260507862461578,23.719198182472724,0.3908067396256358,-2.312460832054972,0.2015601932849358,19.122483900216658,hedged,hedged
2024-05-14,0.9800347222222248,5248.83,5305.135,-1.1104486143083203,-0.1304138920860955,23.588784290386627,-1.2274352589016004,0.0644824370023468,-0.1829180996770288,18.93956580053963,hedged,hedged
2024-05-15,-0.2749999999999959,5305.135,5300.805,0.006528100189576,-0.2684718998104199,23.32031239057621,0.1532227360613332,-0.0656927993480909,-0.1874700632867536,18.75209573725288,hedged,hedged
2024-05-16,-0.0699999999999945,5300.805,5300.780000000001,-0.0042546737837537,-0.0742546737837482,23.246057716792457,0.12588266855437,-0.0047964886517545,0.0510861799026209,18.8031819171555,hedged,hedged
2024-05-17,-3.194285714285713,5300.780000000001,5309.485,3.2570161745064508,0.0627304602207377,23.308788177013195,0.1536790784948185,3.057128024852496,0.0165213890616011,18.8197033062171,hedged,hedged
2024-05-20,1.221666666666667,5309.485,5319.35,-0.9732829673824624,0.2483836992842045,23.5571718762974,0.0228149819320468,-1.0044164823320698,0.2400651662666439,19.059768472483743,hedged,hedged
2024-05-21,3.5312499999999964,5319.35,5296.205,-3.6667834318528367,-0.1355334318528402,23.42163844444456,0.2020031309337349,-3.865183790847989,-0.1319306599142575,18.92783781256949,hedged,hedged
2024-05-22,-3.494642857142857,5296.205,5267.525,1.679002381729985,-1.815640475412872,21.60599796903169,1.5544040502341527,0.3994866253904845,-1.5407521815182197,17.387085631051267,hedged,hedged
2024-05-23,0.9669642857142734,5267.525,5299.15,-1.1498726608965453,-0.1829083751822718,21.42308959384942,0.1098913075284771,-1.2488954502445997,-0.1720398570018488,17.21504577404942,hedged,hedged
2024-05-24,0.1624999999999995,5299.15,5295.02,-0.305674611569504,-0.1431746115695045,21.279914982279912,0.0158224636683804,-0.3300411881807145,-0.1517187245123345,17.063327049537083,hedged,hedged
2024-05-28,-0.2781250000000103,5295.02,5275.965,0.3443158472605468,0.0661908472605365,21.34610582954045,-0.1670963367949662,0.4861533822662315,0.040932045471255,17.104259095008338,hedged,hedged
2024-05-29,-5.78958333333333,5275.965,5233.935,6.47764335665004,0.6880600233167096,22.03416585285716,0.6255342172583295,5.834548006556702,0.6704988904817011,17.77475798549004,hedged,hedged
2024-05-30,1.4856250000000053,5233.935,5245.835,-0.6723198327856522,0.8133051672143531,22.84747102007151,-0.0889598138198021,-0.6031869987123782,0.7934781874678251,18.568236172957867,hedged,hedged
2024-05-31,-0.2033333333333321,5245.835,5267.1900000000005,0.2613691400801839,0.0580358067468518,22.90550682681836,0.2320421620609759,0.0121184320136481,0.0408272607412919,18.60906343369916,hedged,hedged
2024-06-03,-3.27604166666666,5267.1900000000005,5289.525,2.990646249913808,-0.2853954167528525,22.62011141006551,-0.3541423563923024,3.4073175453405664,-0.2228664777183957,18.386196955980765,hedged,hedged
2024-06-04,1.859285714285717,5289.525,5345.795,-1.7609282156223536,0.0983574986633635,22.718468908728877,-0.9761476246484264,-0.8873781930523866,-0.0042401034150959,18.38195685256567,hedged,hedged
2024-06-05,0.4549999999999952,5345.795,5348.74,-0.6367732199209933,-0.1817732199209981,22.536695688807875,0.1789077575507702,-0.7588017418766957,-0.1248939843259302,18.25706286823974,hedged,hedged
2024-06-06,0.9239583333333344,5348.74,5351.745000000001,-0.5241914060423006,0.3997669272910338,22.936462616098908,0.090914585224704,-0.456983286413217,0.5578896321448215,18.81495250038456,hedged,hedged
2024-06-07,0.6450000000000007,5351.745000000001,5357.75,-0.7550397235584585,-0.1100397235584578,22.82642289254045,-0.0289516033247662,-0.7176855196308479,-0.1016371229556134,18.71331537742895,hedged,hedged
2024-06-10,-2.237500000000005,5357.75,5367.85,2.72171292643699,0.4842129264369847,23.310635818977435,-0.0398326145049942,2.760302607729529,0.4829699932245299,19.19628537065348,hedged,hedged
2024-06-11,-7.75625,5367.85,5414.01,8.135690970234634,0.3794409702346346,23.69007678921207,0.2027106485972166,7.9064850378873235,0.3529456864845404,19.549231057138016,hedged,hedged
2024-06-12,2.7433333333333296,5414.01,5433.415,-3.8226700630242303,-1.0793367296909009,22.61074005952117,0.3522833315751046,-4.269292650398582,-1.173675985490148,18.375555071647867,hedged,hedged
2024-06-13,-2.6642857142857146,5433.415,5424.535,1.4481541437514256,-1.216131570534289,21.394608488986883,0.1764157175302653,1.2634409184313742,-1.224429078324075,17.15112599332379,hedged,hedged
2024-06-14,0.5898809523809521,5424.535,5482.92,-1.588535864189885,-0.998654911808933,20.39595357717795,1.1729076571393362,-2.497484569528809,-0.7346959600085208,16.416430033315272,hedged,hedged
2024-06-17,0.0083333333333399,5482.92,5483.6900000000005,0.1792584351003865,0.1875917684337264,20.583545345611675,0.005522543855112,0.1883389582585826,0.2021948354470345,16.618624868762307,hedged,hedged
2024-06-18,1.5833333333333366,5483.6900000000005,5475.87,-1.3855757972684497,0.1977575360648868,20.781302881676563,-0.0367385730731287,-1.35837117482921,0.1882235854309979,16.806848454193304,hedged,hedged
2024-06-20,-1.60952380952381,5475.87,5467.135,1.4992367724797382,-0.1102870370440718,20.671015844632493,0.1401372932480412,1.4192224908268645,-0.0501640254489041,16.7566844287444,hedged,hedged
2024-06-21,-0.8395833333333317,5467.135,5461.65,0.7899034576976363,-0.0496798756356954,20.6213359689968,0.0023988770269016,0.7615650879483228,-0.0756193683581072,16.68106506038629,hedged,hedged
2024-06-24,0.3718749999999998,5461.65,5466.889999999999,-0.5603422465009134,-0.1884672465009135,20.432868722495883,-0.0032274484532848,-0.5773903421181574,-0.2087427905714424,16.47232226981485,hedged,hedged
2024-06-25,0.0987500000000051,5466.889999999999,5470.705,-0.2397049627318579,-0.1409549627318528,20.29191375976403,0.010644803721006,-0.2033560946408899,-0.0939612909198788,16.37836097889497,hedged,hedged
2024-06-26,0.8875000000000008,5470.705,5478.085,-1.306675913339594,-0.4191759133395931,19.872737846424435,0.0006418705388891,-1.307206231882075,-0.4190643613431849,15.959296617551786,hedged,hedged
2024-06-27,-1.1000000000000034,5478.085,5470.219999999999,0.7852069721504635,-0.3147930278495399,19.557944818574896,-0.1303883593939713,0.9228306593459024,-0.3075577000480721,15.651738917503714,hedged,hedged
2024-06-28,0.4149999999999971,5470.219999999999,5468.110000000001,0.2390025188337141,0.6540025188337113,20.211947337408606,-0.076188040936745,0.2185053944505997,0.5573173535138518,16.209056271017566,hedged,hedged
2024-07-01,-2.8499999999999948,5468.110000000001,5501.889999999999,3.0511475935652763,0.2011475935652815,20.413094930973887,0.4448104913394509,2.604434020510432,0.199244511849888,16.408300782867453,hedged,hedged
2024-07-02,0.4700000000000023,5501.889999999999,5528.735000000001,-1.4153958437125005,-0.9453958437124982,19.46769908726139,0.905049622371834,-2.254474373075917,-0.8794247507040804,15.528876032163373,hedged,hedged
2024-07-03,4.98194444444444,5528.735000000001,5567.78,-5.227524321348597,-0.2455798769041575,19.222119210357235,0.8303570924935032,-6.321369278905721,-0.5090677419677787,15.019808290195597,hedged,hedged
2024-07-05,0.2249999999999992,5567.78,5568.735000000001,-0.0327720854038739,0.1922279145961253,19.41434712495336,-0.1189020137775088,-0.0057261766340481,0.1003718095884422,15.120180099784037,hedged,hedged
2024-07-08,-2.289999999999988,5568.735000000001,5577.875,2.8247813070973087,0.5347813070973206,19.94912843205068,0.0232034677131837,2.7906571123827337,0.5238605800959295,15.644040679879966,hedged,hedged
2024-07-09,3.247916666666665,5577.875,5621.575000000001,-3.3625188039286886,-0.1146021372620236,19.83452629478865,-1.076631663552817,-2.4590836721885783,-0.2877986690747303,15.356242010805236,hedged,hedged
2024-07-10,-4.98285714285714,5621.575000000001,5585.715,4.1689735097285165,-0.8138836331286239,19.020642661660027,-0.9715185049585328,5.26412834311478,-0.6902473047008932,14.665994706104344,hedged,hedged
2024-07-11,1.048214285714277,5585.715,5623.855,-0.7952483521221633,0.2529659335921138,19.273608595252146,-0.9053072572354572,0.1407575638332805,0.2836645923121005,14.949659298416442,hedged,hedged
2024-07-12,-0.362499999999982,5623.855,5626.6900000000005,0.0852479960189191,-0.2772520039810628,18.99635659127108,-0.1162814073738217,0.1550080342446836,-0.3237733731291201,14.625885925287324,hedged,hedged
2024-07-15,5.631250000000005,5626.6900000000005,5661.844999999999,-6.507084720060606,-0.8758347200606007,18.12052187121048,0.7678470082025622,-7.15304758562569,-0.7539505774231232,13.871935347864198,hedged,hedged
2024-07-16,-18.054166666666664,5661.844999999999,5590.66,18.64336992796408,0.589203261297417,18.70972513250789,4.516852065208093,13.495980532227804,-0.0413340692307659,13.830601278633432,hedged,hedged
2024-07-17,-8.117499999999998,5590.66,5543.05,7.561739240211469,-0.5557607597885292,18.153964372719365,-1.9088581197740468,9.339377167628731,-0.6869809521453139,13.14362032648812,hedged,hedged
2024-07-18,-8.524285714285721,5543.05,5502.0650000000005,7.974917601387523,-0.5493681128981978,17.604596259821168,-1.9194593228139705,9.69469479544919,-0.7490502416505027,12.394570084837616,hedged,hedged
2024-07-19,5.344642857142851,5502.0650000000005,5566.98,-5.033144172109648,0.3114986850332029,17.916094944854372,-0.3565193779175709,-4.688757259149586,0.2993662200756946,12.693936304913311,hedged,hedged
2024-07-22,1.3156249999999965,5566.98,5559.6900000000005,-0.9405981820600392,0.3750268179399572,18.29112176279433,0.4041724338212913,-1.1955286830022354,0.5242687508190524,13.218205055732364,hedged,hedged
2024-07-23,-5.69635416666667,5559.6900000000005,5438.11,5.28072635415534,-0.4156278125113299,17.875493950283,0.1162045012903712,5.192706324120006,-0.3874433412562927,12.830761714476072,hedged,hedged
2024-07-24,-1.2960714285714252,5438.11,5428.385,1.379126989203163,0.0830555606317378,17.95854951091474,-0.5834083425194821,1.905922657891064,0.0264428868001562,12.857204601276228,hedged,hedged
2024-07-25,1.3328124999999975,5428.385,5460.6900000000005,-0.9947001079443636,0.338112392055634,18.29666190297037,0.8297591617210454,-1.7108819631847558,0.4516896985362872,13.308894299812517,hedged,hedged
2024-07-26,2.393333333333337,5460.6900000000005,5475.745,-2.1969512422643205,0.1963820910690166,18.49304399403939,-0.2247631655386256,-1.8426793181135197,0.3258908496811918,13.634785149493707,hedged,hedged
2024-07-29,0.8015624999999962,5475.745,5436.605,-0.9027704982690968,-0.1012079982691005,18.39183599577029,-0.2520808665487797,-0.6241678462745978,-0.0746862128233812,13.560098936670324,hedged,hedged
2024-07-30,7.566666666666661,5436.605,5537.285,-7.813126589789741,-0.2464599231230799,18.14537607264721,3.271366480626887,-11.559670016132202,-0.7216368688386545,12.83846206783167,hedged,hedged
2024-07-31,-29.03576388888889,5537.285,5430.04,27.358763468448927,-1.6770004204399631,16.468375652207246,-3.3086704917393885,29.9127502860237,-2.431684094604577,10.406777973227094,hedged,hedged
2024-08-01,-9.369444444444444,5430.04,5333.885,8.786065047120047,-0.5833793973243964,15.88499625488285,2.4838516986180355,5.128108740837183,-1.7574840049892249,8.649293968237869,hedged,hedged
2024-08-02,-29.46166666666665,5333.885,5168.23,24.89455058775558,-4.5671160789110665,11.317880175971784,-14.981866599676636,33.95123092954221,-10.492302336801067,-1.8430083685631988,hedged,hedged
2024-08-05,3.6375000000000046,5168.23,5272.29,-1.952458618740323,1.6850413812596816,13.002921557231463,7.679733778631681,-6.300942978633128,5.016290799998558,3.173282431435359,hedged,hedged
2024-08-06,4.013124999999994,5272.29,5219.675,-3.055366494453024,0.9577585055469706,13.960680062778437,-5.427841210968308,2.0075579283757325,0.5928417174074192,3.766124148842778,hedged,hedged
2024-08-07,-13.150624999999994,5219.675,5320.285,14.022512852423263,0.8718878524232689,14.832567915201706,3.026396733723858,11.09093977809351,0.9667115118173744,4.732835660660152,hedged,hedged
2024-08-08,0.6583333333333359,5320.285,5341.835,-0.159464458269539,0.4988688750637968,15.331436790265505,2.0098004880610074,-1.1075097322284018,1.5606240891659415,6.293459749826093,hedged,hedged
2024-08-09,0.466666666666647,5341.835,5335.505,0.3042531973733344,0.7709198640399815,16.102356654305485,-0.0257841661407995,0.3161811571160053,0.7570636576418528,7.050523407467946,hedged,hedged
2024-08-12,-19.88660714285715,5335.505,5427.375,18.509034024104736,-1.3775731187524158,14.724783535553067,1.5608449597292071,16.84394518571332,-1.4818169974146258,5.56870641005332,hedged,hedged
2024-08-13,0.6049999999999969,5427.375,5448.360000000001,-0.2060297677615612,0.3989702322384356,15.123753767791504,0.692097783976756,-0.5495472790538624,0.7475505049228904,6.31625691497621,hedged,hedged
2024-08-14,19.27142857142858,5448.360000000001,5543.355,-18.51888569522167,0.7525428762069097,15.876296643998414,0.4445103952738292,-19.038291394294333,0.6776475724080768,6.993904487384287,hedged,hedged
2024-08-15,-0.2552083333333321,5543.355,5552.66,-0.3523407517676946,-0.6075490851010268,15.268747558897386,-0.0852214687619232,-0.2574523033098048,-0.5978821054050603,6.396022381979227,hedged,hedged
2024-08-16,-16.376041666666662,5552.66,5594.4,16.221728395672585,-0.1543132709940771,15.11443428790331,0.6719972398945744,15.544691190933714,-0.159353235838374,6.236669146140853,hedged,hedged
2024-08-19,1.0050000000000026,5594.4,5596.435,0.5785754543982065,1.583575454398209,16.69800974230152,0.0545722256047701,0.6120361799029541,1.671608405507727,7.90827755164858,hedged,hedged
2024-08-20,0.0499999999999976,5596.435,5610.56,-0.0338232247373708,0.0161767752626267,16.714186517564144,-0.0652932857138817,0.0993111346963241,0.0840178489824399,7.99229540063102,hedged,hedged
2024-08-21,-7.749999999999989,5610.56,5566.615,8.924293801998852,1.1742938019988625,17.88848031956301,1.0539539874605035,7.8293538318531315,1.1333078193136457,9.125603219944663,hedged,hedged
2024-08-22,13.599999999999994,5566.615,5623.795,-15.242235911069445,-1.6422359110694489,16.24624440849356,2.2761869897317752,-17.483802716761414,-1.6076157270296445,7.5179874929150206,hedged,hedged
2024-08-23,-0.7357142857142819,5623.795,5612.860000000001,1.2173812066833238,0.4816669209690419,16.7279113294626,0.4271355634728215,0.9521135166828524,0.643534794441392,8.161522287356412,hedged,hedged
2024-08-26,2.0100000000000025,5612.860000000001,5625.27,-3.228402801297748,-1.2184028012977453,15.509508528164854,-0.3846645632854021,-2.646520562901041,-1.0211851261864413,7.14033716116997,hedged,hedged
2024-08-27,-7.928125000000009,5625.27,5595.695,7.59546856417896,-0.3326564358210495,15.176852092343804,1.6274938084883697,5.768838667679015,-0.5317925238326247,6.608544637337346,hedged,hedged
2024-08-28,-0.4906249999999912,5595.695,5595.895,-0.0036126781730004,-0.4942376781729917,14.682614414170812,0.3371716296393832,-0.0100569478992025,-0.1635103182598105,6.445034319077536,hedged,hedged
2024-08-29,2.752083333333329,5595.895,5625.844999999999,-2.930639552981606,-0.1785562196482768,14.504058194522536,0.5916820702364753,-3.4250432052337163,-0.0812778016639117,6.363756517413624,hedged,hedged
2024-08-30,-18.252500000000005,5625.844999999999,5518.1,17.28078518417906,-0.9717148158209454,13.53234337870159,2.6798153649801466,13.655295477310764,-1.9173891577090936,4.44636735970453,hedged,hedged
2024-09-03,0.3088888888888925,5518.1,5519.924999999999,-0.2264427168732415,0.0824461720156509,13.61478955071724,0.0820563290410226,-0.2762224371000374,0.1147227808298776,4.561090140534407,hedged,hedged
2024-09-04,3.1100000000000048,5519.924999999999,5494.1900000000005,-3.017274404496526,0.0927255955034787,13.70751514622072,-0.141423537965581,-2.785532949126312,0.183043512908112,4.744133653442519,hedged,hedged
2024-09-05,-8.685714285714283,5494.1900000000005,5411.18,8.310534044799937,-0.3751802409143465,13.332334905306372,-1.432752920457755,9.517015863421742,-0.6014513427502965,4.142682310692223,hedged,hedged
2024-09-06,3.687499999999999,5411.18,5466.07,-3.3653780904703794,0.3221219095296197,13.654456814835992,-3.0243517370089705,-0.8015378464197801,-0.1383895834287515,4.004292727263471,hedged,hedged
2024-09-09,3.137499999999993,5466.07,5491.195,-3.740694306528771,-0.6031943065287781,13.051262508307214,-0.3288641059990552,-3.424552924531423,-0.6159170305304849,3.3883756967329863,hedged,hedged
2024-09-10,11.133333333333336,5491.195,5534.825,-10.382494532374086,0.7508388009592508,13.802101309266464,0.7222375223212733,-11.086397898317292,0.769172957337318,4.157548654070304,hedged,hedged
2024-09-11,10.602976190476197,5534.825,5597.635,-11.406752648672214,-0.8037764581960172,12.998324851070448,1.4718671885999726,-12.96956499876688,-0.89472161969071,3.262827034379594,hedged,hedged
2024-09-12,3.652500000000002,5597.635,5624.8,-4.254559133794161,-0.602059133794159,12.39626571727629,-0.8070079499750286,-3.404151557751162,-0.5586595077261882,2.7041675266534058,hedged,hedged
2024-09-13,-0.010000000000002,5624.8,5631.945,0.1185022167856176,0.1085022167856156,12.504767934061904,0.0844580602897397,0.0039074071722127,0.0783654674619504,2.782532994115356,hedged,hedged
2024-09-16,2.3812500000000054,5631.945,5624.15,-3.392871194182746,-1.0116211941827404,11.493146739879164,-0.2939679415745436,-3.110170217448444,-1.0228881590229817,1.7596448350923746,hedged,hedged
2024-09-17,-0.7333333333333167,5624.15,5624.195,-0.0047124698838056,-0.7380458032171223,10.75510093666204,0.2138259707648976,-0.0033033855542961,-0.5228107481227152,1.2368340869696597,hedged,hedged
2024-09-18,10.666666666666668,5624.195,5715.96,-10.5575220815045,0.1091445851621681,10.864245521824207,-2.8066759966719474,-8.043061741201427,-0.1830710712067063,1.0537630157629532,hedged,hedged
2024-09-19,-0.8550000000000004,5715.96,5714.085,0.2687323383937666,-0.5862676616062338,10.277977860217977,0.3326581810666231,0.2124693236170821,-0.3098724953162951,0.743890520446658,hedged,hedged
2024-09-20,0.0533333333333383,5714.085,5715.125,0.0925811149934489,0.1459144483267872,10.423892308544762,0.0462200559825454,0.0845565866775394,0.1841099759934232,0.9280004964400812,hedged,hedged
2024-09-23,-0.2183333333333316,5715.125,5728.23,0.2312150288098432,0.0128816954765116,10.436774004021274,0.2477522117751825,-0.0075780971922831,0.0218407812495678,0.949841277689649,hedged,hedged
2024-09-24,-1.5654761904761918,5728.23,5717.79,1.7698386095045202,0.2043624190283284,10.641136423049602,0.4866857635465031,0.924319863678676,-0.1544705632510125,0.7953707144386365,hedged,hedged
2024-09-25,9.904166666666658,5717.79,5742.49,-8.289915297147168,1.61425136951949,12.255387792569092,1.515450267903473,-10.167832962007768,1.2517839725623627,2.047154687000999,hedged,hedged
2024-09-26,-1.8475000000000017,5742.49,5738.43,0.4570384088769166,-1.390461591123085,10.864926201446009,-0.0482895838642229,0.3582510860996078,-1.537538497764617,0.5096161892363822,hedged,hedged
2024-09-27,-1.843750000000009,5738.43,5714.325,-5.973288675398117,-7.817038675398126,3.047887526047881,0.8668488497255722,-6.8209223659437495,-7.797823516218187,-7.288207326981804,hedged,hedged
2024-10-01,0.345833333333332,5714.325,5712.91,-0.1653274613553931,0.1805058719779388,3.22839339802582,0.1478666319794104,-0.1957177372675515,0.2979822280451908,-6.990225098936613,hedged,hedged
2024-10-02,-6.108333333333326,5712.91,5686.785,5.671782549167828,-0.4365507841654983,2.7918426138603216,1.151292828380858,4.275022475117803,-0.6820180298346656,-7.672243128771279,hedged,hedged
2024-10-03,15.375,5686.785,5747.530000000001,-13.12398853822168,2.251011461778319,5.04285407563864,-2.1847271386966787,-10.790018056732151,2.400254804571168,-5.271988324200112,hedged,hedged
2024-10-04,-7.921428571428573,5747.530000000001,5692.21,7.021316425144224,-0.9001121462843491,4.142741929354291,-0.4987184941755461,7.55081351971026,-0.8693335458938591,-6.141321870093971,hedged,hedged
2024-10-07,5.187500000000025,5692.21,5754.005,-5.678211359546432,-0.490711359546407,3.652030569807884,-0.8018992291293573,-4.939018250735092,-0.5534174798644242,-6.694739349958395,hedged,hedged
2024-10-08,-2.9077380952381024,5754.005,5788.68,2.914712468104129,0.0069743728660269,3.6590049426739113,-0.2639990878502037,3.1878763613909347,0.0161391783026285,-6.678600171655766,hedged,hedged
2024-10-09,-1.887500000000002,5788.68,5775.185,2.109977323594916,0.222477323594914,3.881482266268825,-0.1837212732365793,2.355928265488987,0.2847069922524055,-6.393893179403361,hedged,hedged
2024-10-10,4.150000000000007,5775.185,5818.41,-3.7172063067592096,0.432793693240797,4.314275959509622,-0.172163815669025,-3.5562674295433943,0.4215687547875872,-5.972324424615774,hedged,hedged
2024-10-11,1.1000000000000034,5818.41,5810.645,-2.2283805108752937,-1.1283805108752902,3.185895448634332,-1.0035140436298635,-1.639296635488681,-1.5428106791185416,-7.515135103734316,hedged,hedged
2024-10-15,7.781250000000003,5810.645,5843.015,-7.585222289191223,0.1960277108087798,3.381923159443112,-1.903299292709946,-5.667535490486368,0.2104152168036881,-7.304719886930628,hedged,hedged
2024-10-16,0.1791666666666635,5843.015,5845.16,0.0993597686194996,0.2785264352861631,3.6604495947292746,-0.1653884465228256,0.0562294821599312,0.070007702303769,-7.234712184626859,hedged,hedged
2024-10-17,3.242361111111107,5845.16,5860.805,-3.4563197968743005,-0.2139586857631936,3.446490908966081,-0.2728492297091586,-2.944934336822332,0.0245775445796159,-7.210134640047243,hedged,hedged
2024-10-18,-1.6233333333333295,5860.805,5843.725,1.973665585724452,0.3503322523911223,3.796823161357203,-0.497855112921746,2.357859040317871,0.2366705940627955,-6.973464045984447,hedged,hedged
2024-10-21,-0.4999999999999872,5843.725,5856.225,0.2326386496296562,-0.2673613503703309,3.529461810986872,0.6249358305337439,-0.2916279343573761,-0.1666921038236194,-7.140156149808067,hedged,hedged
2024-10-22,-1.267499999999995,5856.225,5797.645,0.8427836889742513,-0.4247163110257437,3.104745499961128,-2.237948453285657,2.8079404004481003,-0.6975080528375517,-7.837664202645618,hedged,hedged
2024-10-23,-0.3625000000000185,5797.645,5811.79,-0.4194506624914713,-0.7819506624914898,2.322794837469638,-0.7177916506343095,0.452392368004702,-0.6278992826296261,-8.465563485275243,hedged,hedged
2024-10-24,-1.149999999999998,5811.79,5811.58,0.0465497106479908,-1.103450289352007,1.219344548117631,-0.053015068698561,0.0369058862869281,-1.1661091824116308,-9.631672667686876,hedged,hedged
2024-10-25,2.495833333333332,5811.58,5831.845,-2.409172505850847,0.0866608274824849,1.306005375600116,-0.7424035534656528,-1.395960948014169,0.3574688318535099,-9.274203835833363,hedged,hedged
2024-10-28,2.5499999999999945,5831.845,5843.68,-2.15352704734064,0.3964729526593546,1.7024783282594709,-0.0543009613053116,-2.097720605397949,0.3979784332967337,-8.876225402536631,hedged,hedged
2024-10-29,-2.8666666666667067,5843.68,5822.215,2.668392667507146,-0.1982739991595608,1.50420432909991,-1.1258393632808343,3.6766197011245856,-0.3158863288229554,-9.192111731359589,hedged,hedged
2024-10-30,-7.928571428571422,5822.215,5725.379999999999,7.843904346679857,-0.0846670818915651,1.4195372472083447,0.5327056805977824,7.246436449383176,-0.149429298590463,-9.34154102995005,hedged,hedged
2024-10-31,1.0440476190476304,5725.379999999999,5734.985000000001,-1.6205177420512522,-0.5764701230036218,0.843067124204723,0.2395048300486978,-1.886807477327887,-0.6032550282315585,-9.944796058181607,hedged,hedged
2024-11-01,0.7449999999999936,5734.985000000001,5714.56,-0.8888401301036243,-0.1438401301036307,0.6992269941010922,0.0113398069778309,-0.9294773212782976,-0.1731375143004732,-10.117933572482082,hedged,hedged
2024-11-04,6.628125000000002,5714.56,5771.395,-6.530506251938056,0.0976187480619454,0.7968457421630377,-5.490601547559589,-1.3090205354387965,-0.1714970829983835,-10.289430655480466,hedged,hedged
2024-11-05,-1.1389285714285704,5771.395,5931.395,3.332090923910528,2.193162352481957,2.9900080946449954,-8.31687256757984,10.941048407123848,1.4852472681154385,-8.804183387365027,hedged,hedged
2024-11-06,16.549999999999997,5931.395,5977.280000000001,-16.57474576234233,-0.0247457623423343,2.965262332302661,-1.8168356553258351,-14.534533100714476,0.1986312439596851,-8.605552143405342,hedged,hedged
2024-11-07,3.5999999999999983,5977.280000000001,5993.83,-2.743425768335779,0.8565742316642195,3.821836563966881,-0.5181086731964644,-2.1879549847431696,0.8939363420603645,-7.711615801344978,hedged,hedged
2024-11-08,0.7854166666666654,5993.83,5990.07,0.2326001389769508,1.0180168056436163,4.839853369610497,-1.078371860083852,0.5249126967683433,0.2319575033511566,-7.479658297993821,hedged,hedged
2024-11-12,-2.0666666666666447,5990.07,5997.575000000001,2.0608057394904487,-0.005860927176196,4.833992442434301,0.0197713280491087,2.2207656532607443,0.1738703146432083,-7.305787983350613,hedged,hedged
2024-11-13,0.8395833333333309,5997.575000000001,5946.59,-0.7237391359826149,0.115844197350716,4.949836639785017,0.372432565264423,-1.057974308593205,0.1540415900045491,-7.151746393346064,hedged,hedged
2024-11-14,-0.9674999999999898,5946.59,5862.155000000001,0.7619594514595617,-0.2055405485404281,4.744296091244589,-1.7942607634844678,2.264183830467239,-0.4975769330172186,-7.649323326363283,hedged,hedged
2024-11-15,-4.224999999999996,5862.155000000001,5893.73,4.758341622751796,0.5333416227517995,5.277637713996389,-0.1683341912890655,4.97180233259666,0.5784681413075985,-7.0708551850556844,hedged,hedged
2024-11-18,0.0374999999999996,5893.73,5912.889999999999,-0.1946152150159034,-0.1571152150159038,5.120522498980485,-0.1514387830136713,0.0606057416362432,-0.0533330413774284,-7.124188226433112,hedged,hedged
2024-11-19,0.5437499999999906,5912.889999999999,5909.635,-0.3371637261346261,0.2065862738653645,5.3271087728458495,-0.0371920399150002,-0.3781292600348295,0.1284287000501608,-6.995759526382952,hedged,hedged
2024-11-20,11.09999999999999,5909.635,5955.135,-11.566346116436796,-0.4663461164368065,4.860762656409043,1.1159750791964886,-12.709748663782165,-0.4937735845856839,-7.489533110968636,hedged,hedged
2024-11-21,0.95,5955.135,5960.505,-0.6870433653973308,0.2629566346026691,5.123719291011712,0.0534744118155422,-0.6654656721507555,0.3380087396647868,-7.151524371303849,hedged,hedged
2024-11-22,-2.887499999999981,5960.505,5982.98,3.08332186902226,0.195821869022279,5.319541160033991,0.4315120235278778,2.325387110434741,-0.1306008660373616,-7.28212523734121,hedged,hedged
2024-11-25,8.417499999999999,5982.98,6018.7,-8.801283852821916,-0.3837838528219173,4.935757307212073,0.6487336294741367,-9.4799640837517,-0.4137304542775659,-7.695855691618776,hedged,hedged
2024-11-26,-2.326249999999996,6018.7,5994.950000000001,2.3762404448617245,0.0499904448617285,4.985747752073802,-0.1133079820778032,2.4580164911281903,0.018458509050391,-7.677397182568385,hedged,hedged
2024-11-27,11.543749999999989,5994.950000000001,6042.385,-11.74100878378622,-0.197258783786232,4.78848896828757,0.1225353144492819,-11.847725308073962,-0.1814399936246911,-7.858837176193076,hedged,hedged
2024-11-29,0.8924999999999954,6042.385,6047.67,-0.9605955618792686,-0.0680955618792732,4.720393406408297,0.0008728685892141,-0.9770242641547504,-0.0836513955655406,-7.942488571758617,hedged,hedged
2024-12-02,0.2166666666666566,6047.67,6046.675,-0.1104853667824956,0.1061812998841609,4.826574706292458,0.3316796290909422,-0.1602878889558343,0.3880584068017645,-7.554430164956853,hedged,hedged
2024-12-03,2.89583333333333,6046.675,6082.41,-2.5069833282066187,0.3888500051267112,5.215424711419169,0.7148937361206067,-3.2197445948487613,0.3909824746051753,-7.163447690351678,hedged,hedged
2024-12-05,-0.0749999999999999,6082.41,6085.56,-0.5857890019377178,-0.6607890019377176,4.554635709481452,-0.0339858983882075,-0.6260472177875411,-0.7350331161757485,-7.898480806527426,hedged,hedged
2024-12-06,-4.396875,6085.56,6051.594999999999,3.934112823774416,-0.462762176225584,4.091873533255868,0.9799356843245104,3.0255149134351997,-0.3914244022402897,-8.289905208767717,hedged,hedged
2024-12-09,-0.8250000000000028,6051.594999999999,6034.95,1.1322749158761434,0.3072749158761405,4.399148449132008,-0.3813199130656786,1.3899305796059995,0.1836106665403181,-8.106294542227399,hedged,hedged
2024-12-10,-0.3062499999999755,6034.95,6086.6,0.6520943224727369,0.3458443224727614,4.744992771604769,-0.8277577033276267,1.4141359276050605,0.2801282242774583,-7.826166317949941,hedged,hedged
2024-12-11,-2.185416666666668,6086.6,6058.745,1.9938934420201355,-0.1915232246465326,4.553469546958237,-0.6365772730484197,2.5457204213299307,-0.2762735183851572,-8.102439836335098,hedged,hedged
2024-12-12,-0.724999999999998,6058.745,6050.98,0.5639039034121777,-0.1610960965878203,4.392373450370417,-0.0591699641066285,0.7206955270495228,-0.0634744370571037,-8.165914273392202,hedged,hedged
2024-12-13,3.1324999999999994,6050.98,6076.905000000001,-3.58162712807562,-0.4491271280756206,3.943246322294796,0.8944393016419672,-4.232771519402985,-0.2058322177610181,-8.371746491153221,hedged,hedged
2024-12-16,-0.8500000000000068,6076.905000000001,6046.415,1.0715634736940665,0.2215634736940597,4.164809795988855,0.6374770257025537,0.4277370172220396,0.2152140429245865,-8.156532448228635,hedged,hedged
2024-12-17,-14.23616071428572,6046.415,5875.255,13.903120906334903,-0.333039807950815,3.83176998803804,1.0035410252337644,13.247621302532558,0.0150016134806012,-8.141530834748034,hedged,hedged
2024-12-18,0.610267857142865,5875.255,5890.455,-2.606836822070606,-1.9965689649277407,1.835201023110299,0.1979995868428982,-2.715829844949018,-1.907562400963255,-10.04909323571129,hedged,hedged
2024-12-19,8.705952380952382,5890.455,5940.125,-8.339028315334724,0.366924065617658,2.202125088727957,1.4030572338783784,-9.40816919356799,0.7008404212627717,-9.348252814448518,hedged,hedged
2024-12-20,2.210000000000003,5940.125,5968.025,-0.7982095295553193,1.4117904704446838,3.613915559172641,-1.2924738093240586,0.0182754294240522,0.9358016200999968,-8.412451194348522,hedged,hedged
2024-12-23,-8.866249999999996,5968.025,6025.02,10.50074129614993,1.6344912961499336,5.248406855322575,-4.376881295779652,14.333180699485451,1.0900494037058053,-7.322401790642717,hedged,hedged
2024-12-24,-0.6361111111111165,6025.02,6042.67,0.7566780124699634,0.1205669013588468,5.368973756681422,-0.1865811925870673,0.9892939320392574,0.1666016283410736,-7.155800162301643,hedged,hedged
2024-12-26,-10.165476190476198,6042.67,5950.299999999999,10.036639064706652,-0.1288371257695448,5.240136630911877,-0.8894730467476961,10.85801323505688,-0.1969360021670159,-7.352736164468659,hedged,hedged
2024-12-27,-3.535000000000002,5950.299999999999,5921.52,2.7735472484293675,-0.7614527515706344,4.478683879341243,0.5626054825942212,1.993310465731162,-0.9790840516746188,-8.331820216143278,hedged,hedged
2024-12-30,-1.5666666666666644,5921.52,,0.0,-1.5666666666666644,2.912017212674578,0.0,0.0,-1.5666666666666644,-9.898486882809944,not_hedged_no_next_day,not_hedged_no_next_day
