quote_date,num_positions,total_delta,total_gamma,total_vega,total_theta,gross_delta,gross_gamma,gross_vega,gross_theta
2023-04-24,15,0.0681521148330953,-4.202508625088937e-06,-148.74650730761056,17.053114473847028,0.2717242765472441,0.0004757937482027,1044.7617571446958,123.8517920283762
2023-04-25,13,0.2208880576175736,8.71339813694064e-05,114.7013094262966,-17.44000446897308,0.2253326311550801,0.0004098271570963,936.4755537518358,115.1796387448242
2023-04-26,14,0.2372825904894188,1.0061576744238883e-06,-5.671987489642067,14.298544587582224,0.2372825904894188,0.0004552317612818,837.9428927488132,134.16957012105124
2023-04-27,9,0.2894872545298599,-2.596479620284844e-05,81.64096578733898,-15.131143852540465,0.3114165464040103,0.0004227971570983,974.6860306060976,148.76346368536497
2023-04-28,12,-0.0021459469252752,-5.568532742861488e-05,196.75785910052696,-14.857699081319623,0.3863278731890103,0.0005326676134199,1115.493395092294,151.74277984482956
2023-05-01,12,-0.0174072245673601,-0.0001015363182172,-163.2532888742616,-9.810774560534378,0.3949310289827585,0.000478129904364,1212.1775783295948,154.59051343657396
2023-05-02,6,-0.0781484630148302,7.006051181945261e-05,368.08246517536105,-32.6656825938645,0.1904052367695488,0.0002940830560222,881.2293032424652,76.24022025475469
2023-05-03,12,0.1484792880766625,4.5374182825757744e-05,-141.4266253953165,0.7457571239457543,0.332076746189582,0.0005042352604926,1210.8571825367137,109.19663724947534
2023-05-04,9,0.2123264578885057,3.5612040906154214e-05,-107.43570929378076,21.45840175854972,0.2123264578885057,0.0004206182722402,1023.49159105825,116.07351658730512
2023-05-05,4,-0.4059961208365432,-2.2452628365231156e-05,-17.39534269102191,83.34098694036794,0.5077251276745265,0.0006491894489309,1358.0088221583237,140.4716109982955
2023-05-08,13,-0.1397622582818494,-0.0001807343957109,-464.9203419027213,55.41655819898329,0.332894398362335,0.0004526613295967,901.9778635328972,105.9268477414609
2023-05-09,13,0.0556067248644869,0.0001424089811066,475.5578054978615,-63.40279724482357,0.1822863661593049,0.0003579947462004,650.1327704231026,95.89988567939946
2023-05-10,7,0.2970031562392201,9.112582530934642e-05,310.1601471665232,-5.662516926661212,0.2970031562392201,0.0005834345492042,1127.339152297228,175.5444392095594
2023-05-11,10,0.0546570122065475,6.3188520435226096e-06,-82.18746378498007,42.11928493437933,0.1983846911228797,0.000370665452499,703.4926359823296,109.03758983038934
2023-05-12,9,-0.1033450673959683,-0.000102428293412,-68.8988021977813,5.107008396877861,0.3447413002603995,0.0004797212148675,1187.1601270479084,141.52762383419352
2023-05-15,9,-0.0106312248241961,-4.6924801899045e-05,74.41486671607417,-15.173644230339734,0.308961259697217,0.0005040975246553,1203.7192474440976,130.77389522925185
2023-05-16,14,-0.0338736360287728,-3.4147857826331856e-05,-48.572192540728096,0.5373154260263835,0.3861659717556758,0.0005529550652584,1184.7874944234495,183.04402083990632
2023-05-17,14,0.0853200090764408,7.465278594345398e-05,71.4886217261648,17.482874577798615,0.3502215417760436,0.0005109127750519,1181.827100142459,138.0147269519328
2023-05-18,11,-0.1412830758580004,0.0001437928396678,-111.49819382368734,16.184683782611543,0.4851053770006726,0.0005539474331959,1301.6679985210008,153.19710035601037
2023-05-19,8,-0.0087320575928177,8.487512013943723e-07,87.80106255182375,1.7285712924291443,0.1894068043539509,0.0002942555316593,1012.382540493721,104.27934895456951
2023-05-22,7,0.1875281014361544,-6.276600449379884e-05,23.58642595463849,-25.87268584169074,0.3337250345300575,0.0003749353324132,1069.4276676077216,110.84847933539923
2023-05-23,10,0.0482060175900667,-9.33766987563754e-05,-12.099562936772884,-8.284120277236255,0.3682891651234412,0.0004535149496671,1180.123959662247,114.2794283607619
2023-05-24,7,0.0518585500639691,-1.6690400838911438e-05,-102.43740689374432,16.98449595127132,0.2629103455408436,0.0004357173375213,1026.3684339758256,135.40362848614117
2023-05-25,8,0.4450776526020092,-3.0558570975339926e-05,-111.52424933792948,-32.54669611878104,0.4450776526020092,0.0004071621776416,934.2621529104406,160.2840889035909
2023-05-26,7,-0.0488193924552595,-5.1914577488886766e-05,-89.41666828748316,32.06369404530842,0.2420733542748201,0.0004304807815634,1023.2505926073496,124.8705718993399
2023-05-30,11,0.0405031371206019,3.78283274141785e-05,-204.0162202550349,0.4008755611970853,0.3903305272008116,0.000479759185289,1281.774353058782,159.4958742282185
2023-05-31,17,0.0223435070528201,7.674406016749784e-05,-107.42750294087782,22.774139903706715,0.356288705473227,0.0004427534507911,1083.6776216677774,127.61867814896408
2023-06-01,11,0.3815790013678561,6.692777103601523e-06,-23.17101864874792,-28.65570144554092,0.3815790013678561,0.0006163009151838,1269.344932263754,141.77312158775874
2023-06-02,15,-0.0211727515201024,-1.5598088889231908e-05,127.4135042877078,5.853572346890653,0.4269209259252572,0.000570364862575,1337.5735242332173,163.11299171851385
2023-06-05,5,-0.2870916584329541,-0.000285856114566,-213.62409036394317,60.17445067981922,0.2870916584329541,0.0005540513015713,1137.8349068851917,154.6277632530322
2023-06-06,13,-0.1002745281245969,-0.0001055452936718,-78.95349597465221,24.49744182793018,0.2859999460302963,0.000435510875519,1150.1361600046537,113.23920849968968
2023-06-07,15,0.0792428038228326,6.42214760682782e-05,66.93993696543376,-6.20299200417775,0.2191326893061984,0.0004364315792509,998.1719490494949,110.6023685076972
2023-06-08,15,0.1811476988167359,3.492281969435204e-05,51.4263457663608,-10.95097943172772,0.244887600903716,0.0004544456115872,1035.6686660126568,109.46915267324596
2023-06-09,9,-0.2081833968217356,4.796427216152773e-05,286.4860377245557,43.17420110332401,0.4344325432421415,0.0006290711410139,1318.6452325245598,148.49829972830838
2023-06-12,13,0.0230578159782212,-0.000111366056042,-403.4138580854439,22.427158553481235,0.1637139884120908,0.000430155300867,742.772131537831,97.94140893681129
2023-06-13,18,0.1756436722101714,0.0001592357756243,190.88833798883735,-42.4075778995813,0.2606622616944033,0.0004934101559436,858.6767783380773,124.75072415570688
2023-06-14,15,0.1103224607708842,-3.681881176643661e-05,72.80499770964606,22.14345186776969,0.2779822793490812,0.0005082160835157,976.6503336864428,147.04886510825847
2023-06-15,13,-0.0262070437596902,-3.734056459331286e-05,4.887226062899572,-6.656453859331734,0.3523477442164498,0.000510992373012,1332.1753748849987,152.5488424663592
2023-06-16,9,-0.4449528680814015,-0.0001470769702839,-324.0750115643763,91.5333241291342,0.4449528680814015,0.0005106446357655,1253.968266101599,170.6592899136221
2023-06-20,10,0.2123278049597809,1.400912169447944e-05,-57.992196195673415,-19.04855549373161,0.2514703421545298,0.0002688589265297,811.6796351088997,113.38026739519223
2023-06-21,10,0.2141364120809076,7.354562441648259e-05,190.39967297464216,-28.460743222644204,0.2645539202929267,0.0004480806568764,1160.7216148339346,134.87869840190766
2023-06-22,15,0.112163112990597,4.757775866758444e-05,-73.86216508605138,7.772678181201045,0.2317939634602167,0.0004138054915253,1040.1942018303437,107.42079245127546
2023-06-23,10,-0.0493106064323659,0.0001127299546868,-139.60271472041995,29.341001146376144,0.2398017961573444,0.0003572559765153,729.1975551824077,90.42439783228646
2023-06-26,13,0.0025501375863247,4.713570445401039e-05,108.8920482055831,-4.008639967671328,0.1948458338085343,0.0003578847989372,887.8578891834493,71.09857021818016
2023-06-27,9,-0.0085106303596548,-1.788495379108214e-05,-451.7514837588908,48.141471331944345,0.2235138472698005,0.0003083467263791,647.2318223405372,71.95991986171941
2023-06-28,14,0.1512371587732076,0.0001652854987947,211.6620702165372,-29.63137925549627,0.2741740622210681,0.0004714778231194,1218.3599054722554,113.40829334408689
2023-06-29,13,0.0529796280425291,-5.4010956670478e-05,-183.2985757850596,5.955200441371683,0.1242439949260367,0.0002873878411046,714.8285002651793,87.98207921793589
2023-06-30,7,-0.0347208127119809,9.678176636501743e-05,32.36199895952948,20.10628879472739,0.2162887633951418,0.000413166538328,772.0044131722157,116.44781934659989
2023-07-03,9,0.0018245415521893,-0.0001563500414807,-161.3441651432879,7.309794587715469,0.2394159061912222,0.0004783010012,947.188886840506,114.31508491471796
2023-07-05,13,0.0544131870618779,3.991781749523134e-05,35.73032269698563,5.695397875418956,0.3374919781800246,0.0004563180810005,1232.7387828440956,131.39188511639935
2023-07-06,6,0.0691627201214156,0.0001389302618449,189.5034690229523,-16.091623609346044,0.3756386657230116,0.0005202914181057,1266.7045214033064,162.68087454070923
2023-07-07,10,0.1539412879729027,4.895469736604815e-05,61.43096104165615,11.870605680585468,0.1539412879729027,0.000323939246855,740.0922889989375,99.1214060291274
2023-07-10,7,-0.1737141838744317,-0.0001223695721,-291.23656218310606,55.2565978168244,0.3284943056055185,0.0003793196056292,1067.174193030138,115.09846294581422
2023-07-11,14,0.1228116490110294,9.355412932755183e-05,183.63478289780977,-16.802581910833077,0.2351771963125023,0.0003845701401302,1031.980148971258,110.91175189061208
2023-07-12,9,0.1243090280769572,0.0001279459016163,-25.85628649379581,-6.960380777257052,0.2183623450218853,0.0004267847314172,1013.174292591552,89.59270112660765
2023-07-13,14,0.1495497067866173,2.483858371417316e-05,-152.84681769810155,12.002435281612833,0.1495497067866172,0.0003480376775859,822.8868110387175,84.53967614083962
2023-07-14,12,0.0608207723188525,7.491571594279182e-05,180.4426437206004,-9.422790114991717,0.3267535329433289,0.0004799192371624,1232.668982903987,122.67877990183808
2023-07-17,12,0.0914992627979285,-5.922932582116231e-05,-207.24388941458065,9.430817494941138,0.2598301100308707,0.0004878893895805,1008.4852606665744,118.514577279515
2023-07-18,11,0.2402975365894779,0.0001689628441631,140.9872544170464,-40.00655756605173,0.2402975365894779,0.0003997693527576,975.8646113071848,122.41761365673366
2023-07-19,6,0.3096506728295174,0.0002998522424054,297.15851771363,-78.44482343368976,0.3096506728295174,0.0005280957697925,1214.7347472155825,160.23356577312404
2023-07-20,13,0.2565365611084683,0.0001330853749624,235.42923771048072,-34.53260310875126,0.2565365611084683,0.0004122735078724,1049.83578478108,134.6056458271526
2023-07-21,12,0.140779003351994,7.999100390790957e-05,-111.11701547034792,-24.01414759384599,0.2851608730754009,0.000548861287247,1233.2844230747185,117.91915142070609
2023-07-24,8,0.0158336749087633,-0.0001234685374931,-281.203604248894,-4.135487695218071,0.1631290554569514,0.0003750934186501,845.1630886026559,97.23726549870524
2023-07-25,8,0.091515790142435,4.782845154038276e-05,-103.26814674499828,-18.359794762330413,0.1803781920361982,0.0003110334053654,977.5948656057956,96.61758377674096
2023-07-26,13,0.0344453121255316,0.0001102817652657,3.571830663929841,7.879987104412042,0.2276010809582951,0.0003972658487349,1051.007747131655,78.16651875077308
2023-07-27,6,-0.0570944219224841,2.946612618471577e-05,1.0437801821092592,31.592208308950585,0.3491577236103735,0.00039314168637,1071.703206343179,154.46732148625776
2023-07-28,9,-0.0527424942152631,0.0001286502794478,-61.74355362304704,20.476565164113303,0.3476101025928669,0.0003465484680668,915.1245309549824,137.7439985945064
2023-07-31,6,-0.0471604667996163,0.0002307569352468,238.4322607672115,-2.62751981562873,0.2762833532268419,0.0004344286234521,1113.5392533621605,85.18170405071403
2023-08-01,7,-0.0545222096557782,-2.929447035615847e-05,-128.3792072215016,10.66597795690138,0.2137935457549112,0.0003050745424248,1108.9517284777169,103.64394930974274
2023-08-02,11,0.2012520276550936,0.0001272511464748,35.6476554970581,-30.79525026367544,0.2622640591271769,0.0004007481023309,1168.8046091585318,117.45696335629265
2023-08-03,8,0.2839135425556978,0.0001558626245875,177.3495179359411,-42.78352148524717,0.2839135425556978,0.0005034062814827,1251.8250903317166,147.49465325239794
2023-08-04,11,0.1589139332885711,-5.358015568354022e-05,-321.8721367091,24.12743645668694,0.1589139332885711,0.0002904902269591,722.9234819112461,88.5838116292847
2023-08-07,15,0.0798625400754291,4.326317474554822e-05,-207.8073073520497,22.403456166698017,0.1785136232186742,0.0003351600520279,792.6749584932908,96.61236881828764
2023-08-08,8,0.1433417408886086,-1.7470217292465224e-05,-315.1358285876841,4.398934449970394,0.1634544063316517,0.0003154639852306,800.946570228861,91.76756883592566
2023-08-09,9,0.190295652842369,2.107423204721041e-05,-132.2111161061073,6.128921895527585,0.190295652842369,0.0003894191647512,939.8637722795432,104.12379366347432
2023-08-10,12,0.1174668775873501,5.4636969680222914e-05,0.9812338348283732,4.786016123590471,0.3218954981396656,0.0004401017466424,1201.475574121424,128.70350156591405
2023-08-11,7,-0.1558282197412892,-1.965888194856816e-05,-3.783165000874249,12.901848587391964,0.2473800782599877,0.0003706772505327,1194.691548190177,120.96385678561892
2023-08-14,13,-0.073139771547475,-6.878701778884478e-05,-61.466731180604384,1.9257147574843885,0.2635974465305478,0.0005023276941203,1244.502832488464,140.34367904778065
2023-08-15,10,-0.15194207434471,-0.0001005721227619,-295.32491705271366,38.79554637312231,0.2232707125562908,0.0004523685096216,986.2477225707426,113.54273271153885
2023-08-16,6,-0.0089092385584384,4.274889749523577e-06,-62.57397798041029,5.105237594554605,0.4131305065808274,0.000498116311963,1267.8273329240676,184.55434161993244
2023-08-17,12,-0.0074183935717828,0.0001496329138379,-42.30205959067602,0.9462284507878138,0.3923180261200745,0.0006068856418657,1236.3444017026495,118.24159351978354
2023-08-18,5,-0.0131056180660241,4.7599744193556283e-07,232.9656469644399,3.0209028332732686,0.2483821590449018,0.0004064402116678,1004.7836019839106,105.89664092809384
2023-08-21,17,-0.0247567039641207,-0.0001180966352116,-271.8577152020878,22.06279285049767,0.307435145197619,0.0004977291466308,1011.7683142511496,124.5360711490381
2023-08-22,12,0.1758296816950842,-2.174161739521762e-05,-244.00518815252696,-14.350721868688373,0.2894187198060758,0.0004907853745991,1083.3211132612385,115.00540915352332
2023-08-23,12,0.1489087038941378,0.0001601736255168,232.09434272288917,-20.036659374114983,0.224898232536638,0.0004443412484876,1136.074195754716,122.80000860790764
2023-08-24,9,0.1261767641081261,6.66236315777749e-05,-10.65662150100674,-6.110175386877319,0.1908593285322253,0.000372918596727,960.5695728947438,110.6852462139079
2023-08-25,11,0.1806140284501827,-4.880499643089896e-05,-243.16708922817796,6.9494397629182,0.1955213409260472,0.0003667482118075,932.6027060344014,99.72534129174689
2023-08-28,14,-0.1701427715337446,-7.008487469838524e-05,-173.10400296632872,24.28919914571212,0.3729702195322018,0.0005420915462235,1384.941158186212,132.6911956220733
2023-08-29,13,0.1594353815299445,-2.5469581598802504e-05,-291.5564990634922,-11.588037083985256,0.22526022662948,0.0004639255321766,970.9715388655068,109.59913613462204
2023-08-30,11,0.1831262624556368,5.2656475642893865e-05,107.61608686657752,-9.296892733694843,0.2112940895974468,0.0004085923339534,1079.5916030975818,120.04717451866856
2023-08-31,11,-0.1554435234975327,0.0001464564000771,-29.582675173142437,13.517485812568818,0.3565790309275689,0.0005277259344854,1291.2332081562834,122.57082930309704
2023-09-01,12,-0.2490272163972546,-9.997050172642835e-05,59.205151368352205,42.13696200432971,0.3820918861321905,0.0006479474506993,1412.2556077072718,158.47885141769703
2023-09-05,13,-0.0243003417448983,-2.279143461918929e-07,-245.5585495072397,0.3743947637571234,0.2957512143089356,0.0005945965352596,1135.008475987319,99.80584629732822
2023-09-06,12,0.2455153567920034,0.0001222514782446,84.73477612696988,-33.886883943740585,0.2455153567920034,0.0004824657281275,1112.2818574012165,115.80240572344294
2023-09-07,12,0.1580301422744482,-8.286849394838471e-05,-310.5664149061356,23.73226326986661,0.1580301422744482,0.0003488347455726,725.700170695476,68.7092946697204
2023-09-08,13,-0.01141400049878,0.0001201358900774,-25.87195985085428,-12.693302711811612,0.3613256761307951,0.0005910761339127,1207.3199203615363,140.8571097122411
2023-09-11,6,-0.2054522836329364,-5.144472403089238e-05,-193.6634152496671,52.309427238369175,0.323618049469236,0.0003250318654888,915.5696201534084,125.58176360855
2023-09-12,12,0.2757715950899067,-7.410965487000354e-05,-149.16876543820624,-23.05373585923865,0.3019386109143284,0.0004895477317812,1123.4134239041846,107.5425944211464
2023-09-13,13,0.0353913671153547,8.624265595234788e-06,-143.05743173156895,24.186248676161675,0.2233588293003423,0.0003639752060258,853.0970056432444,88.78806166410637
2023-09-14,15,0.1894601833280783,-2.834934769553065e-05,-33.89384795196098,19.29269737397779,0.1894601833280783,0.0003836570499973,979.2114828163814,103.16283891585344
2023-09-15,7,-0.0801887118750022,-4.920099474302935e-05,-31.34797970534953,10.251652941972807,0.4275835225166224,0.0006891098567739,1443.86640935408,119.8722081923575
2023-09-18,10,-0.0330212196341208,-0.0001477898033841,-208.994613853298,26.067501429886928,0.256727959474575,0.0005017181756056,758.1252409021638,118.00459935162716
2023-09-19,13,0.0019458462521738,-8.916277188383148e-05,-209.8947907382088,27.40230047832852,0.2299455341079825,0.0004089060993897,927.0500822066216,77.08688616339434
2023-09-20,9,0.0970305849117939,2.671518375940576e-05,-134.4629934772216,8.094938684561619,0.1840669708768748,0.0003591713610726,911.403021099151,84.12074328463939
2023-09-21,14,0.1204315637087652,1.7476171443398744e-05,-70.44693936469989,-1.121548468614337,0.224256860748292,0.0004225775998274,971.255705981835,88.6365218771596
2023-09-22,12,0.0680260169554215,-3.266829113527932e-05,-126.45744533379148,17.793115460021426,0.1908238603148244,0.0003800516443199,995.3488596789366,99.90349255355244
2023-09-25,14,0.0271326830408519,-9.400947267538227e-05,-325.6352817992541,22.95114523233745,0.1886280384863646,0.0003309867656334,633.3206544279794,102.41033526529375
2023-09-26,8,0.0956073337527138,-1.7808503795195248e-05,-278.22709416611934,17.63376061691904,0.0987135333497096,0.0002448905757261,553.6237399935075,59.6937759108752
2023-09-27,10,0.0988130300939153,-9.29072972649142e-05,-435.8065834662081,26.23417540884053,0.18672005012783,0.000346395243675,771.0231247739393,96.80189295065772
2023-09-28,12,0.1355226992834241,6.221931797054945e-05,10.992339705638967,-8.40580565527115,0.2725084708616146,0.0004501113350891,1145.2996616991195,117.06596456241176
2023-09-29,6,-0.0312907789663992,-0.0001113841493575,-306.5498499229621,37.12118862426754,0.3122894329721297,0.0003969952251095,1136.597348823101,73.38167665336977
2023-10-02,13,-0.1745446271912099,-8.842798704486704e-05,-313.8635797410506,25.13977555982629,0.2455482310365079,0.0004833595244826,769.6040630276847,162.49432102122014
2023-10-03,13,0.1250183063779278,-6.64262927029542e-05,-89.01110612135389,12.259193541954518,0.3444045294373008,0.0005006458468664,1210.2361654004303,128.1257782835798
2023-10-04,10,0.1540550248642665,-2.074359068900632e-05,-332.96800302057943,8.862772060793363,0.2469357265865038,0.0003972023949916,1018.187794501846,78.84473359805591
2023-10-05,11,0.1251576850611935,-2.358315045396816e-05,-106.360011283783,10.616173664663366,0.1883710551366093,0.0003635438014837,935.7244901378402,109.5529631865568
2023-10-06,9,-0.0866925818234279,1.7449917172782622e-05,-55.098804414080746,3.910530865699478,0.3714509297764469,0.0005739539442756,1288.392267334965,115.7126051611969
2023-10-10,10,-0.2810165328623316,-0.0001202171322062,-164.1854141632745,53.1897353067231,0.3876138246237952,0.0004952973741521,1421.7306506827676,171.7201310808973
2023-10-11,15,0.2415655701435745,0.0001314072688966,198.68489106325785,-27.42023574226117,0.2415655701435744,0.0004607772752882,1150.0772297423805,133.07525687742992
2023-10-12,10,0.2085672942090965,5.972839865037651e-05,53.63557551374279,-3.308683425379871,0.2085672942090965,0.0004209820501129,989.7763666853244,119.15829307554232
2023-10-13,13,0.0468806640640542,3.3484273262577625e-05,-7.545846774073567,5.723900174977615,0.286438985927279,0.0005044795265438,1268.7318171290783,129.42110829438457
2023-10-16,12,0.1175970791505097,8.425824629025233e-05,42.34727204558031,-7.528399055949679,0.278404095929131,0.000507758571965,1150.3101997063586,140.50260155854215
2023-10-17,6,0.147496828181396,9.703792445309497e-05,55.219572590568816,-45.27183236637043,0.2415614886323632,0.0004828188284794,1064.3266525041658,148.70497961203563
2023-10-18,13,0.2357528182521425,0.0001007610478751,99.52481618568794,-36.15611888842986,0.2610452452216747,0.0003960855157781,1136.6995049321504,134.77973387794674
2023-10-19,10,0.1759940127012012,3.458281254452953e-05,-116.59918272190382,13.695223754382395,0.1759940127012012,0.0003691575099796,906.4148552621912,104.84712214633588
2023-10-20,15,-0.1723428612149783,-0.0002215246950459,-322.9145792880106,74.25642597003613,0.315137109821972,0.0004975392829733,1026.6605175242833,154.58248570641197
2023-10-23,13,-0.0373987261984533,-0.0001786524737924,-557.3790906166769,56.57455572461727,0.2793365350068976,0.0004085851656767,818.9602463223293,112.27924886047946
2023-10-24,16,0.0542342884301339,8.669250004466288e-07,-129.37049528298584,-9.831428881493824,0.2585887405172146,0.0004111263343032,967.2896801727755,109.86067830138096
2023-10-25,12,0.0389953957439274,4.050321542462912e-05,186.38010791860117,-2.8425097082888584,0.299658610565229,0.0004663967625545,1035.9937462551889,106.16277720928905
2023-10-26,13,0.1677118162062433,4.311557563184445e-05,68.01258966342247,-10.14268111095438,0.3093084974556425,0.0004370408009669,1171.6426220463866,122.1512328309108
2023-10-27,12,-0.0539627006330551,-0.0001940476848878,-140.3950341275633,20.26177707231764,0.3238381119482085,0.0005070678610684,1015.130258690269,105.02390963669116
2023-10-30,11,-0.1159342345745265,-0.000170079470223,-303.43253373474107,26.71212163516568,0.2897169937831451,0.0004730299594708,929.585251445438,119.20217801274376
2023-10-31,13,-0.3177532212892517,-9.134682124432437e-06,12.469342016449277,28.518954685892258,0.3177532212892517,0.0005304402452242,1206.7876962641485,118.41742319545332
2023-11-02,15,-0.0644397804542905,2.007145207010369e-05,-100.68606305577516,40.25443279610171,0.3622815704958569,0.0005016723949385,974.274151206354,133.90444087624084
2023-11-03,14,0.0455244161629217,-0.0001922346140973,191.76097418319029,-3.87232598212531,0.2682780126607851,0.0005812201704964,726.3673462088926,144.8184852245668
2023-11-06,10,0.0479290806829243,1.417263542511031e-05,142.9214223381964,-1.2810463333262374,0.1150644669063753,0.0004470862178646,550.6973037798341,89.5429134150441
2023-11-07,14,0.1687129645268043,6.684256096720726e-05,381.0737613319684,-34.66118510809329,0.2384898750247306,0.0005519397689095,885.1840184747613,108.24822506349082
2023-11-08,15,0.0882291168698765,0.0001543304300989,345.1425964201616,-16.74805786798474,0.2658203554977377,0.0004968611099226,1123.7226426304082,114.6256004027355
2023-11-09,18,0.1343933307434334,-1.1966962279032989e-05,-107.30686611426184,20.44012252674708,0.1732416575850194,0.0003848568300565,826.0271641188906,97.6981553724781
2023-11-10,8,-0.045526246765608,5.099223068462439e-05,-195.0481368482492,-5.341071306608804,0.3221946172866044,0.0006250812954905,1236.8185638753157,156.56199441518393
2023-11-13,14,-0.1653958842543817,-8.803999969775402e-05,-132.1800226238505,20.21817528799601,0.3608253866228955,0.0005963398640496,1291.4616692175412,117.14511892893157
2023-11-14,10,-0.0672287123868863,-0.0001952133279767,-348.94721182782905,53.74672986654683,0.2035443300751487,0.0004627516030912,854.3186166837585,101.69511652944168
2023-11-15,8,-0.1128321894523873,8.063383234310992e-05,110.95286842080289,-3.713381843044388,0.3083739189769429,0.0004642926250471,1155.75591263855,141.60580460652184
2023-11-16,15,-0.0634208279767683,6.329141974695536e-05,148.27510903078888,0.1769645488111599,0.3559268075890707,0.0006145416765915,1303.7514400385803,122.30351062787888
2023-11-17,15,-0.179860270568795,-4.893631726088594e-05,58.95619509217492,35.080797397093804,0.32682210785598,0.0005956881318536,1333.5530966388794,108.32530699931938
2023-11-20,7,0.2261407202511344,6.000643658333877e-05,-180.65306782157475,-38.353202694421306,0.3361545288417095,0.0006212821483185,1381.2132216803004,113.28823269872714
2023-11-21,11,0.0176387951238989,7.25057171213663e-05,140.0146157061985,-9.458786672500755,0.301964129624628,0.0004805570768867,1126.1426224937836,132.38126919405303
2023-11-22,7,0.2465155232050518,0.0001781579497776,292.5684035459628,-37.79264359965212,0.2465155232050518,0.00047355018855,1205.3782194578334,128.32701800409689
2023-11-24,17,0.1194491273651159,1.2672424867840264e-05,-264.1830425074832,10.228700983466789,0.1862545855236277,0.0003848433635754,921.0880838946256,91.81792020099526
2023-11-27,14,0.1445214931844028,0.0001272178268933,60.437136120099055,-16.241290765413794,0.2577509599500415,0.0004133925503171,1066.9995218115075,121.10476972556596
2023-11-28,11,0.1810884987817842,3.879636422307503e-05,-136.88016666710158,-17.204594687249593,0.2020284837967569,0.000330588261168,992.8248933525368,94.90767387724657
2023-11-29,8,0.240875774541106,6.441946928279713e-05,75.07495943698493,-14.532465349138633,0.240875774541106,0.000414067039564,1108.2465930487615,118.69843758067437
2023-11-30,9,0.022943218084192,9.020406485910982e-05,129.95335757093858,-5.016697930630155,0.4292916249151388,0.0007599475923887,1189.102246110506,141.4532125228607
2023-12-01,5,0.2130710636752135,6.406180401179752e-05,123.0004577142056,-44.73190966351852,0.4314116600035541,0.0006027373316419,1371.928688911182,111.88918816190588
2023-12-04,8,-0.1722349975742258,-6.0921664243477545e-05,102.713017683649,29.970269445032383,0.2765346577261474,0.0005091315702252,1264.0014935629583,111.58107436549406
2023-12-05,11,0.1443224103746112,-2.143272230355098e-05,-224.77597595804824,-3.458470492403731,0.2953616342963239,0.0005100395321751,1140.687726854505,116.01815480752448
2023-12-06,9,0.2186726991879476,-4.244859506143432e-05,-209.5291320079896,-2.094287186996903,0.2186726991879476,0.000387281119412,951.9355275697546,96.7263894409419
2023-12-07,14,0.2085071275526833,-0.0001087160479683,-255.02880016804767,21.80198562838518,0.2085071275526833,0.0004065087139547,969.1139758387752,97.70327555725513
2023-12-08,12,0.0444237894152285,-2.74698960554897e-05,-17.137889437742686,-15.193874419466814,0.434115858210834,0.0005780976900703,1462.1307601650385,139.08501904595104
2023-12-11,11,-0.1772407083646807,-7.391502659156027e-05,-288.4618227329961,47.45241613646653,0.2798971835640081,0.0004522432419015,933.7025662206792,129.3395593806097
2023-12-12,13,0.0924266175979395,2.5816527398061626e-05,-191.40576196435444,-7.785622492554835,0.1541227194765865,0.0003035633849867,864.258950307707,89.65712671042736
2023-12-13,13,0.2146914944697062,0.0001459940945953,38.72729191447976,-28.54995136294089,0.2146914944697062,0.0004398337791006,1059.2207715844083,111.62465514447732
2023-12-14,10,0.0757627231607338,-0.0001435712270382,-402.86639428794615,48.46220742574652,0.1736314804898648,0.0003475090508056,799.7325983218938,82.32676997494804
2023-12-15,12,-0.3568399244047449,-1.4371900193952515e-06,-95.7537000336772,54.46101598026896,0.3994562783969647,0.0005721490553742,1459.986121562701,147.20957864082135
2023-12-18,13,-0.0218731270363625,6.329136987128541e-06,151.184745093605,18.209909661071737,0.1308329247827079,0.0002949050095687,681.8255740130845,80.73336271186581
2023-12-19,15,0.1604758610485411,4.781026542285976e-05,122.98623638911626,-21.74875579639482,0.2715013966763527,0.0003941704796215,1146.8593411671468,122.51287789625478
2023-12-20,8,0.0093988496776452,6.786420252637448e-05,267.99865077573304,6.93148645149612,0.3085831882721637,0.0005472802036618,1302.0708867046142,122.65858924118172
2023-12-21,11,0.1657685298223729,9.30906526977525e-06,143.14009759943056,-9.058651840993145,0.3540288402159781,0.0006370646842322,1216.4324601492183,159.48181417453108
2023-12-22,8,0.0373540139845543,5.320553530077169e-05,-99.2656737375128,-7.510446168767842,0.0986171855291633,0.0002314430233622,677.7764505982273,90.3521785476963
2023-12-26,8,0.1608574850268019,7.33724638488759e-05,-156.7529051849787,-0.8877838998627112,0.1608574850268019,0.0003826751951389,1003.8150284375582,87.9852640379434
2023-12-27,8,0.2785720137385939,5.495303062459208e-05,198.7967076537209,-13.517662512019932,0.2785720137385939,0.0004293636838089,1297.7909040385744,137.57424107484613
2023-12-28,10,-0.2184545113078412,-2.424790081742389e-05,97.88742247557842,15.841605918093691,0.317380520045102,0.0005352320688143,1545.032122138162,113.9748198140323
2023-12-29,18,-0.2793937038596681,-5.827299281950322e-05,-136.16614683348115,47.18189412306752,0.3250269557771452,0.0005212928048428,1362.4805486426137,140.20158803404397
2024-01-02,11,0.1344476511081111,-5.342905437523421e-05,-477.1870756715356,7.4209417602345695,0.1754661823913615,0.0003249763653714,969.1741866436778,73.45466894780517
2024-01-03,11,0.1817010222277065,2.710179199752121e-05,-257.49868609781447,-0.0835835951386672,0.1817010222277065,0.0003157840646729,970.3543052245212,92.63424500851302
2024-01-04,12,0.145105496888086,5.297788736500571e-06,-267.02315975772564,18.930164211018024,0.145105496888086,0.0002951522187673,881.5603713045172,84.26798658504904
2024-01-05,11,0.1219735570649637,4.480283746675612e-05,-18.70186563706088,-24.887373911547336,0.3183284981940764,0.0005045415864384,1338.567676171313,146.954240681401
2024-01-08,10,0.2358468350690387,4.059358615352424e-05,-170.85718614189986,-27.84107035175306,0.2532260785683384,0.0003819977530438,1224.6882089106546,113.40182819483542
2024-01-09,13,0.0972464743945534,-1.7775894501398623e-05,-268.4662164300559,24.835000973574918,0.1275504644117837,0.0002983528778915,786.2474681855977,78.92610276313971
2024-01-10,13,0.2111808849830498,6.428787381469796e-05,-142.5768608886474,-42.77647064034138,0.3383735052143589,0.0004981964542212,1281.1446975278195,149.8856126198153
2024-01-11,16,0.2350022735941761,0.0001055170884129,19.99806212715513,-24.630630888613148,0.2350022735941761,0.0004537941985117,1231.1458166591651,113.8724988739864
2024-01-12,13,0.1786824705102922,6.269490027925286e-05,-91.68068223264714,-4.754081902749411,0.1786824705102922,0.0003250322479084,977.3857559164336,95.2052843446125
2024-01-16,9,-0.0920648572563991,4.031272557349669e-05,187.20558512673503,19.17725458600929,0.2089018515305697,0.0004114729099146,1036.7368753174455,87.07370413192592
2024-01-17,8,0.2871973431739407,0.0002130404225507,308.9519667787158,-58.47834050134996,0.2871973431739407,0.0004606181674613,1399.89480180768,144.437060372227
2024-01-18,17,0.0030725286616393,-6.64254486199616e-07,-273.70223622749984,35.22755384308016,0.22933982430066,0.0002922025185539,853.1452933360456,98.67810191941317
2024-01-19,18,0.0842079554906425,-2.4936385469226576e-05,-273.4612249297448,5.303178439175035,0.2316617297930181,0.0003702172951522,961.6333985626808,105.19682879217588
2024-01-22,13,0.029749010279556,8.372685405466057e-05,32.393795915609815,-2.8314613828159505,0.1866495034488896,0.0003791739863401,1016.9881805861506,84.45006658398052
2024-01-23,16,-0.0296227353914682,-2.8574468999499143e-06,-0.0442879907258628,-7.787618453131647,0.1419665936288419,0.000297505626155,926.3104867614596,80.82804031935083
2024-01-24,13,0.2568633364391304,0.0002083081716596,275.6520123239962,-60.59458015214546,0.2779907455358455,0.0004891928403544,1300.8468327461796,144.08880562725324
2024-01-25,9,0.16546411255656,2.7293441649320547e-05,-86.48244311149975,0.7643687172935176,0.16546411255656,0.0003320388210587,908.66799237725,95.7329071431226
2024-01-26,14,0.0051875820531673,-5.18642759357997e-06,-250.32771285813607,14.486519135577126,0.1954888393209771,0.0003686512908614,947.4334390479768,93.16380704243475
2024-01-29,15,0.0459704076382121,2.91991816824206e-05,-86.44960077115334,-11.997051938152495,0.1848306420787454,0.0003289608809118,1027.5925300682263,98.89396175187484
2024-01-30,13,0.0272890776323365,-2.9732966734996203e-05,-359.9853606292501,-2.4223519452617683,0.1257061231429813,0.0003071261441407,741.1197392935367,94.48448454377308
2024-01-31,11,0.0991735231145896,3.3309853904052016e-05,143.45386879306488,-15.708079348236616,0.2716838920881169,0.0004495394649811,1191.5472845116794,123.05401194092342
2024-02-01,16,0.2163527235227836,0.0001253272062485,147.75370542165746,-34.55166784057452,0.2344398667696615,0.0003980859351043,1212.986800369558,123.83588024122707
2024-02-02,14,0.1443620149250667,5.918583263938123e-05,-122.95045742277594,-1.2626177369994762,0.1443620149250667,0.0002992905112595,902.6961732450156,88.06746297829648
2024-02-05,10,-0.0759776335305606,0.0001210038924167,428.5482020047348,-29.473122222982447,0.1668907217844935,0.0003699765510522,777.8460171464039,74.16918326645774
2024-02-06,9,0.5072848462599338,-6.89108619098241e-06,-187.05509553527628,-83.8873606458117,0.5072848462599338,0.0003634307460647,1015.0460631116388,176.8437792392702
2024-02-07,13,0.2084927519575599,0.0001997714323647,367.0764651343005,-55.37944885542903,0.4206010847379,0.0004866526097647,1393.3358892312112,189.7043901487081
2024-02-08,15,0.1665131459094429,9.993527568835856e-05,92.5808150373003,-18.43751269810589,0.2364787351799514,0.0004019877242942,1124.4408148341902,118.12871449711484
2024-02-09,13,0.0327629374928201,6.380710856748116e-05,184.2400296640194,-10.014630746727349,0.2887227690140891,0.0004267271399753,1312.1957006116002,136.98037577983672
2024-02-12,12,-0.0353982372582424,-7.369236972565726e-06,92.46566630617389,-5.824204631246055,0.1576688593444113,0.0003552507121151,983.5481980777538,99.39671960809792
2024-02-13,12,0.09692081862343,-3.9387916917271e-05,-248.50425602550573,14.441006859822574,0.1188561967201893,0.0002399271195676,697.5199525007504,91.13955942415656
2024-02-14,14,0.1633598121565391,8.59149136108728e-05,67.23325102779667,-2.0169343467733345,0.2653712388222775,0.0005094668313894,1233.0603576496137,124.48616962887668
2024-02-15,15,0.0994201899113662,-3.044137188550274e-06,145.29258667885938,-21.251992013036087,0.3888440859928554,0.0004569328500414,1531.2088359784966,153.42242171981243
2024-02-16,9,-0.360472313314887,0.0001194244940466,-63.2727757670734,23.25172772244115,0.360472313314887,0.000598179580246,1478.0220156028386,142.34231227191347
2024-02-20,12,0.1195972741447305,-2.4024386709882116e-05,-118.80494802630676,-25.42259940939992,0.4172077627960904,0.0004683042222528,1300.5041361503938,175.1191265686229
2024-02-21,16,0.2188874751687875,0.0001090245661365,118.75720506358134,-27.31450919607994,0.2188874751687875,0.0003902094961776,1201.3532566701897,126.58263849974016
2024-02-22,16,0.1580499467028586,4.49200593321709e-05,-82.34013261718344,0.0056294529695177,0.1580499467028586,0.000346708747156,1043.9523722786362,100.06685580019668
2024-02-23,13,0.0724438004425436,-6.633156421115832e-06,60.02410707389494,-2.7139243795465555,0.2786688275805488,0.0003476902269496,1112.8157405087632,133.11225107683032
2024-02-26,14,-0.0222787764270493,0.0001048499514134,-166.79947020737492,-25.270052872968503,0.2014092560827907,0.0003693597364777,832.4178809568884,130.31808166296156
2024-02-27,18,0.0141748436183823,9.63384385374332e-05,-26.138303593240465,-17.876273385462902,0.2966838138753256,0.0004603196561416,1195.7703030693065,130.63716644865193
2024-02-28,9,0.2070103381974581,0.0001572657830976,133.4084133204879,-33.205749581212686,0.2070103381974581,0.0004269529578813,1162.7772860610448,128.4580057349303
2024-02-29,15,0.160720323825397,4.205181552279061e-05,104.64135652847582,-10.172237723408813,0.3136154039296964,0.0004012429819336,1409.7188283929272,147.79342278895726
2024-03-01,14,-0.1010458518335359,-4.835932656482321e-07,-153.4884671258127,8.658126436148812,0.4234210515608015,0.0005374161334244,1491.1575590003215,213.5567562882396
2024-03-04,13,0.1060698934763293,3.3094328669338536e-05,-208.30915298822612,-13.31683937770324,0.2169908478980346,0.000419634632384,1077.9961425281654,103.3813464151274
2024-03-05,9,0.0213498186966483,8.275581476676838e-06,-118.77263622586504,15.545176837182884,0.1347254468531885,0.0002483447556994,891.4992729940416,78.37794861875251
2024-03-06,15,0.2195777974215696,6.621146532470744e-05,77.80142676823314,-22.753089794100084,0.2195777974215696,0.0003625583886278,1242.1123736510344,126.42903397720704
2024-03-07,14,0.0777620320958413,0.000122172886788,62.10060510278814,-10.353550756734546,0.259830299351995,0.0003799171952471,1202.7217813927507,147.3156917793564
2024-03-08,10,0.0873259005558329,6.970543771109255e-05,74.62016719815503,-23.06255621741011,0.3552272860912332,0.0004292104765292,1592.36457603322,146.96916630402364
2024-03-11,12,-0.0226503355508001,-6.431668895471683e-05,-218.00013720861904,3.184203598968137,0.1669645262195137,0.0003480852254215,887.4548352360291,110.66719747823872
2024-03-12,9,-0.0132700701380154,4.367665462898586e-05,162.2165569424463,-1.77916345782398,0.2543047915723128,0.0004175408211985,1293.5016798878755,124.2417258359346
2024-03-13,14,0.2235663637794384,0.000152781827653,277.2635361260818,-49.68369735746926,0.2887286185675579,0.0004755896924033,1370.4706582947829,155.63896727372946
2024-03-14,18,0.2176733487150531,3.500485545755082e-05,104.88012556026146,-5.760243209344197,0.2722471201378128,0.0004601977548256,1257.1242592051012,151.65932445833505
2024-03-15,13,-0.1747761908019276,-7.391945011830613e-05,-65.50872971419281,36.45096568837473,0.3707204846146257,0.0004961532001114,1543.6447930815636,173.3025954610498
2024-03-18,8,-0.2117913474647665,-0.0001307545691069,-563.2679865867701,79.15633304154687,0.3130285879296465,0.0003506956296432,1002.059671178942,159.3901861646599
2024-03-19,13,0.0888441598985572,-1.5939924731654793e-05,-303.4726637143657,15.524096714159633,0.111050692737002,0.0002513953320269,762.8192872536005,79.69421129861776
2024-03-20,16,0.1343887534273377,-7.064849849771343e-06,-31.34638713724029,-14.854727048032768,0.1876044961553434,0.0003057319351498,1015.64197400807,118.95743764521124
2024-03-21,14,0.2240850721030648,9.614484455798638e-05,14.852317426327588,-54.33611181470063,0.3080620762087303,0.000517160406216,1403.0572138711184,154.57951566136586
2024-03-22,9,-0.0364170943447821,9.273292659221614e-06,-50.19737746832324,7.640922866165669,0.3799215022382027,0.0004124223959555,1286.4241606208627,188.78839081595532
2024-03-25,10,-0.111057459262185,7.698687226267974e-05,-66.54010769115885,33.153652303927046,0.2961771453395531,0.0003885247331551,1238.9989988080742,86.18910863086771
2024-03-26,11,0.0468235998939156,-4.704158353743764e-06,-378.0651863501807,8.338217985396607,0.100477008221516,0.0002194499415492,696.5829668513776,78.75835850393132
2024-03-27,10,0.1181285133810378,8.962895833485775e-05,130.5587556693108,-18.469212203637063,0.2754676859432658,0.0004379507376739,1410.2800863530497,129.4493131327781
2024-03-28,9,0.0970904341113281,3.934896266173972e-05,257.9856102948961,-0.2298093479633642,0.1960441409344384,0.0003642640535001,1115.6506726428172,108.42372360076708
2024-04-01,13,-0.0096978308981139,5.483586818701782e-05,-263.14486402168893,-3.749252603200633,0.1720282947489486,0.00034252778857,996.960631315361,94.36568875755792
2024-04-02,8,0.0539568806979028,-2.361482099768119e-05,-410.0004377735982,10.259323983433582,0.0905480185664958,0.0001816171022666,666.0581351676606,78.48906066828778
2024-04-03,10,-0.0183079357968722,2.52266202878742e-05,-98.2200731323819,30.26692064383689,0.2093816794410995,0.0003268743673668,1078.6045809641612,72.51269272430036
2024-04-04,15,0.186569868237504,7.312907560764638e-05,316.0773455998099,-16.44715877182756,0.248633478687376,0.0004081269472128,1304.083377314133,145.51526411183042
2024-04-05,4,-0.2374489625538954,2.207016654643983e-05,152.3352597580572,39.0337912052701,0.3222475032756328,0.0004893617609398,1629.781254887783,106.76320727113595
2024-04-08,12,0.116513527491072,-1.350134942242927e-05,-405.5349067785217,15.185383760250044,0.116513527491072,0.0002216146364513,775.7998787341556,74.85568600676329
2024-04-09,8,0.1234986525560257,1.0102092563705325e-05,-128.830960152965,2.178636562192437,0.1942592979521117,0.0002806337355773,1069.6398287461377,118.30439071935176
2024-04-10,9,0.1688631130948307,9.09945058298069e-05,187.85915111724512,-55.768032400714944,0.3522646375727871,0.000486803058128,1591.3244766581415,173.3913958396809
2024-04-11,18,0.1990533927765232,8.516079999134168e-05,-67.20712236415513,-24.6074682619682,0.1990533927765232,0.0003866652627251,1295.8297762076777,119.71022570742386
2024-04-12,12,0.1597230432759555,-3.889024807969926e-05,-228.69710775403948,8.491474233861004,0.2251073780399491,0.0003709548777487,1157.5973166394017,94.35130947044452
2024-04-15,11,-0.0819596375000648,-3.665738345642776e-05,143.06639093625793,16.644687305014752,0.3453259105818236,0.0005143532865504,1620.3199291311776,182.4375765895395
2024-04-16,14,-0.0642618107004724,-4.828817403529859e-05,-345.2273440052977,37.057847025194135,0.2638760631335088,0.0003802680372751,1178.8721779164678,130.2154765495437
2024-04-17,13,0.1231244431508591,-4.8407241387511934e-05,-437.40314281568527,27.19576437150912,0.1231244431508591,0.0002418485319767,799.1365266219458,77.31734282382513
2024-04-18,17,0.2020848822627873,6.85583748784636e-05,52.50958355116957,-22.86615030377892,0.274325784388046,0.0004165642142103,1494.6362299002822,130.26246705636282
2024-04-19,9,0.1394071385217789,-3.184579773853821e-05,-267.7050003448961,-11.920900673450875,0.2944840405210154,0.0003858376856187,1238.8223984262204,67.554374732943
2024-04-22,10,-0.0654040485431948,-0.0001602336249794,-571.3262040745489,12.220155441360504,0.2071647465144044,0.0003614099350509,865.2913121461138,133.40255149929607
2024-04-23,13,-0.04544815898197,-3.5694318769507346e-05,159.40385270934178,-4.752780774047968,0.2388316056497551,0.0004077170965938,1155.774680437721,127.06877181148396
2024-04-24,7,-0.0430115042421473,0.0001107573899653,263.99218660685654,3.595472502702009,0.3813077041010448,0.0004814379455092,1512.6247978041383,165.41251043714993
2024-04-25,15,0.2004072252082353,7.663602112048718e-05,-36.551790318345766,-22.03129449904069,0.2004072252082353,0.0003889580721075,1190.2897550047865,119.6170360570628
2024-04-26,11,-0.0486356089678531,-5.57937897405741e-05,-271.9931619144645,17.423353284577644,0.2130167650983561,0.0002923573270024,1133.9819152470604,115.16498741455058
2024-04-29,10,0.2295844039989048,-4.334552970624756e-05,47.086621540067,-37.60122382985376,0.2793336787743854,0.0004262875936911,1294.1927662506116,121.83985311572958
2024-04-30,16,-0.0481971724300898,-2.3728088038692737e-05,-74.26786941785534,11.700773406566723,0.2547332529881405,0.0004193994405865,1320.3934851466122,94.39912540852092
2024-05-01,14,0.2689116634806049,2.305692363578756e-05,-12.972306890385806,-38.66154395653129,0.268911663480605,0.0003962748357428,1063.957634405724,145.11143103137414
2024-05-02,17,0.1358942042683053,3.383074241951952e-05,-162.95062986679105,2.966480984657529,0.1358942042683053,0.0003174373769129,886.2532208319271,92.2392205365104
2024-05-03,14,0.1022357064373265,-0.0001033388818292,-168.74963935552572,6.681201301679809,0.219564857679909,0.0004631128077072,1097.8552588081195,131.85291737144175
2024-05-06,12,0.0090103264147888,-5.178368679995988e-05,-338.8377123968141,-16.24062082282829,0.1936568605453409,0.0004036263526998,1037.3725582868776,122.0133523132504
2024-05-07,13,-0.0252406614651965,-0.0001569484106152,-26.737078870504263,4.129212019486934,0.2250976367146308,0.0005997465153282,958.6500975336104,143.0884482013335
2024-05-08,12,0.123588018493555,6.751977542431863e-05,83.75804663566095,-19.75266439160021,0.309190003631205,0.0004118767354871,1425.9498568939523,106.31454196838476
2024-05-09,12,0.1078290313387695,4.016423629047623e-07,-25.87701953703328,2.9273440093736696,0.1459268735612487,0.0003057968446593,911.491029358583,107.52391561096154
2024-05-10,10,-0.1961848784362468,-1.3182712559952554e-05,-66.78305316183034,22.598988535988155,0.3828505353691189,0.0004812727686608,1647.324334559738,167.8878211140142
2024-05-13,11,0.0730239992097054,-5.83624283230376e-05,2.3628047785077517,-24.47531457200619,0.4152289113328427,0.0005163944536442,1455.848182804744,212.55580056723213
2024-05-14,17,0.0197220249410943,7.515538947161436e-05,-204.2002794995091,3.9064088615998016,0.1489918659828153,0.0003523346482223,862.5246106353684,89.86222059673396
2024-05-15,8,0.0015076443855834,6.321744094865769e-05,283.0901920795685,-3.016831849096164,0.3243944458531851,0.0007343525605658,1238.941926808076,136.05393700640693
2024-05-16,10,-0.1701869513526279,8.369831681144135e-05,113.88067970782242,9.528524289761434,0.3473643352699731,0.0004969684464183,1609.492561527191,146.774951412369
2024-05-17,12,-0.374154643826171,-9.720052960199245e-05,23.267293403160323,87.03069179311075,0.3741546438261711,0.0005512482178318,1660.0933397174906,147.4381404817088
2024-05-20,11,0.0986602095673993,-1.3531589730945426e-05,-451.1643128369497,-7.17475269148899,0.3043526662294696,0.0004600046248683,1337.1301194218927,107.0799811934675
2024-05-21,10,-0.1584265902723166,3.865060894030746e-05,-26.10033533629273,41.99045334011634,0.2841759290019648,0.000359770914763,1263.239658937914,137.99021893569284
2024-05-22,11,0.0585426213992318,0.0001980319187021,286.1235428720689,-23.390824938387563,0.3169267120996341,0.0004830688223485,1491.195821644399,107.91776530015116
2024-05-23,11,0.0363596098307208,9.913831569253384e-06,-288.40463671517773,24.200883615882336,0.2823192733329462,0.0002993848578383,961.0199697045774,111.0503597501348
2024-05-24,10,-0.0740132231403301,1.8610615154417656e-05,-215.79149577349477,51.748711896957225,0.1940960336006804,0.0002230530760956,631.18013518157,82.30125878159589
2024-05-28,8,0.0180695800189211,4.001344523094991e-05,-267.37630875264006,20.63618593432389,0.2150583925708539,0.0002755764108795,848.1932825185049,113.02257609816724
2024-05-29,12,0.154119518359507,4.628462513431831e-05,-96.31700917621724,-14.06863062667221,0.1594117558813433,0.0003232934684157,970.4473697765718,105.56647226054022
2024-05-30,13,0.0564974649399725,-2.3702308922740976e-05,-253.9498215954755,33.979117900463166,0.1349564539655705,0.0002652874617378,806.6528832027657,89.57798548786167
2024-05-31,11,-0.012239247955054,4.966565801417954e-05,4.79677916039708,5.773806879239377,0.3180667530869189,0.0004824153217463,1345.9607514034674,159.4824403512662
2024-06-03,11,-0.1338995410751701,-7.305611825529255e-05,-313.9390913963902,36.94707704543136,0.1471030946951517,0.0002681401772472,792.7056834893273,84.87231728307253
2024-06-04,12,0.0312942636506547,4.9027345842624026e-05,62.280397867247984,-14.001722352180252,0.2692505462889396,0.0004928252283858,1340.8190592766716,129.48139212590894
2024-06-05,8,0.2162218064248069,0.0001841030676931,413.9644167523111,-63.21478213554299,0.2951253829637547,0.0004478046847698,1445.6171233552366,152.79737329683968
2024-06-06,14,0.1744397357877281,7.597795298669446e-05,-67.96434048464809,-22.734477537629875,0.1744397357877281,0.0003149880646152,1056.710302630073,105.291227002022
2024-06-07,9,0.125735174614248,2.059029851529084e-05,-48.39332158111191,10.631688813732673,0.125735174614248,0.0002719132453661,937.6057270085604,89.75645509998618
2024-06-10,10,-0.2694765273699893,1.3431433198383903e-05,-122.42650922426378,43.53572087807768,0.3795674522355554,0.0005409630147054,1776.8044786067126,172.10457770313488
2024-06-11,16,-0.1762498043811668,-1.8128889660814046e-05,21.592429858296995,47.34822835795528,0.342617336012665,0.0004669285157864,1229.1524389790145,154.92519869499702
2024-06-12,11,0.1969940769401845,8.750490609524818e-05,-71.92798205036542,-38.47489533618344,0.2177599916892964,0.0003810470428849,1287.2677491127936,122.4542973809513
2024-06-13,14,0.163080421593627,8.535742722348699e-05,-28.093434606941955,-19.192778010430764,0.163080421593627,0.0003359653568046,1067.9666736167112,106.6088676957842
2024-06-14,16,0.0272079449206111,-5.838516215183787e-05,-282.4598463676875,28.23817940727622,0.1890404881974158,0.0003702173401326,912.2027245535388,110.73589923598284
2024-06-17,12,-0.2328031624679025,3.039908584597321e-05,-24.481376777851267,32.182154090109705,0.4278673964398501,0.000532898145816,1823.2386930466796,175.51938454567014
2024-06-18,8,-0.1771836057887903,1.9241547662883347e-05,-54.95948329750448,17.639564920880627,0.2068957016004887,0.0004148272240618,1182.2437231486376,125.74530632393424
2024-06-20,10,0.1716355778454258,2.4107031993937062e-05,-85.39029656882394,-7.520331837689107,0.1716355778454258,0.000358758382483,998.569857064907,119.2605406555642
2024-06-21,10,0.144011569315871,-1.9355491203840623e-05,-136.89767042011204,-9.57357661388194,0.2050140089363577,0.0003559979228298,1293.350706967941,95.15733005937038
2024-06-24,8,0.1069355432253696,-8.760211774685606e-06,-15.612957323213058,6.278499593435559,0.1469688466797556,0.0003236291397597,837.470947768966,103.90650514030492
2024-06-25,9,0.0628322313844891,2.713530804657086e-05,160.84853807037075,-10.668866560308722,0.210557167392584,0.0003553498882642,1168.5345340385818,109.32351309574896
2024-06-26,5,0.1770563568210806,2.139665861641149e-07,-106.5634400766342,-4.66264195283679,0.1770563568210806,0.0003321685149412,1113.4603080638349,105.61242630000628
2024-06-27,12,0.0998355972219192,5.284672360337552e-05,63.06787402320703,2.9792321537407345,0.2269271661721775,0.0003574727153236,1210.2979809682777,132.49212907801268
2024-06-28,8,0.1132713359402153,-3.10307724776432e-05,-410.5531088728233,24.921206894043117,0.1132713359402153,0.0002398091033039,874.343857087616,74.90140558762786
2024-07-01,10,-0.0903240850670628,-4.282472092292209e-05,106.0772891744372,26.233591284751427,0.4009290327972317,0.0005738941781128,1743.3784795005367,154.80220433632823
2024-07-02,10,0.0527247473910389,-7.084493184005237e-05,-410.8748709834644,24.20762564004081,0.1090604406627547,0.0002781750077288,768.8209856092712,72.42300717615838
2024-07-03,15,0.133884602928639,9.01740417896658e-05,36.79092021581722,-28.420484551491075,0.1882668843581798,0.0003080038231853,1060.3687204381447,106.171978772438
2024-07-05,13,0.0343163197946023,-9.756070039853196e-05,-608.5538169840943,40.151590836368,0.1124224552951603,0.000243214477135,783.0712753684896,70.83033156794669
2024-07-08,9,-0.3090570357874714,1.233006682435471e-05,153.70664550664148,56.11549049441823,0.4200011637432261,0.0005040770782054,1677.1688539519846,177.3672054198897
2024-07-09,10,0.0769455103873829,4.888425994454406e-05,-165.91020341617843,-13.153688553674282,0.2284051921458714,0.0003214845470715,1193.4827437384567,102.17622238607228
2024-07-10,12,0.1162569299980047,0.0001051989193246,80.98000280396316,-18.976968546820004,0.2544765993437817,0.0003734937353872,1417.1812331939816,119.32873490826027
2024-07-11,15,0.0208507695889401,5.632907826413654e-05,201.08863715746963,-9.559121129487153,0.3518776032684167,0.0004841616252956,1576.893883541625,107.9927460795291
2024-07-12,9,-0.0300698398655699,6.005296813365558e-05,-41.46665989763585,19.448899355547542,0.2656655672211045,0.0002914438322485,1147.037276574256,141.51112955074353
2024-07-15,12,0.1850969910414115,-4.22625308411356e-05,-357.0962523080267,-4.696279229911252,0.2008923649650184,0.0003243204444222,1148.282323193666,100.6429385812383
2024-07-16,8,0.2619002588742602,0.0001733275231854,190.6791050938596,-96.07978646249558,0.3876727620311557,0.0005309050765004,1543.016233298862,237.64984344875424
2024-07-17,10,0.1588267011176543,0.0001170421254345,184.85468084259827,-33.10641357433507,0.2447546264584406,0.0003561223378049,1437.0608374419824,128.76743102393425
2024-07-18,12,0.1945813737071511,0.0001264047196629,183.3886227211197,-35.02807988446062,0.1945813737071511,0.0003332663293206,1241.720356725779,135.97861239358636
2024-07-19,12,0.0775343783734071,-1.5784461680443214e-05,-117.28137450787364,23.547289130866552,0.2027226785864742,0.0003689563410138,1137.4824153593215,117.19434943135704
2024-07-22,10,-0.1290258137256737,0.0001031035812585,137.032912544209,28.70027498172429,0.249261311672516,0.0003821546578556,1259.7263098693754,90.63211732208607
2024-07-23,14,0.0434341697166911,-2.3182384212638063e-06,-272.6627083128932,14.681355094433012,0.1786732709434718,0.0002970552910254,1105.420635390974,82.06020759399411
2024-07-24,12,0.1418125438769399,0.000152487880272,506.77120738577617,-44.078340797228485,0.2848490784286794,0.0003758534723622,1490.4383437329234,135.4240807085492
2024-07-25,16,0.0307909025830167,5.20240490238751e-05,31.802254303028704,22.2003406616373,0.2002010173584554,0.0003273806633425,1167.4400324382575,96.71291426319294
2024-07-26,11,0.1459283455506085,5.3333258652201713e-05,157.10563461264073,-1.0096802434125776,0.2155627618946672,0.0003525400041761,1301.129231352764,129.4673804176905
2024-07-29,15,-0.0230651634713615,-1.6915003963971932e-05,-108.29683690935973,11.67939355784686,0.1983369734992171,0.0003453417203473,1103.3005630438042,110.2200196250018
2024-07-30,15,0.0776035616784835,0.0001092072685055,272.5033413819305,-16.079691694786916,0.2446824651093476,0.0003375611811815,1481.9895704213577,115.66874683602026
2024-07-31,17,0.255105258692237,7.708913236298705e-05,179.59583534180302,-42.13707259165916,0.3328498113468975,0.0004067642618218,1715.6005795314077,173.24996519302164
2024-08-01,18,0.0913739800022887,8.456942100158735e-05,237.8118646072943,-15.639800871810705,0.394999446111043,0.0004249739162985,1531.183038703009,205.31681584963823
2024-08-02,14,0.1502795000920919,0.0001062700614384,253.10143559910577,-26.158028710553243,0.3866383522981822,0.0003723157917362,1695.1226593470017,152.81136247260395
2024-08-05,8,0.0187628158633511,6.800175428726594e-05,19.359507823022945,73.44703133930408,0.1250828480754977,0.0002992987706691,431.3219098654049,328.1099468760944
2024-08-06,18,-0.0580702555250981,0.0002242819080916,56.44425561612799,32.61231823101123,0.2463116667246255,0.000436949600463,533.7427273682391,241.937379472656
2024-08-07,13,-0.1393749413818041,6.569527497976079e-05,-440.3389782483262,-56.20699598736435,0.2905176284036031,0.0004180869577074,1020.0360203693152,275.04316514408146
2024-08-08,13,0.007399742843134,0.0001106435926296,-307.82180408124816,-101.92719460826989,0.1816010185832329,0.0003668032301291,843.9911608536606,261.61568107573817
2024-08-09,10,0.0480652760463409,-4.356035546771998e-06,-367.17871295329456,-95.581964632245,0.3061935152454788,0.0004506034089702,994.4246672014408,197.4141154329667
2024-08-12,11,-0.2014698380766818,5.3489593839517e-05,-379.94549566309104,-82.53770117919376,0.2014698380766818,0.0004359828174683,956.8038724956592,219.9340793303401
2024-08-13,10,0.0098179541463691,4.159522343923627e-05,-92.0778324873876,6.629116854373123,0.3630877010427884,0.0004571059138705,1542.7254083855944,192.8419962855952
2024-08-14,14,0.1949458992075569,1.976149044343761e-05,-33.31443296594006,-17.245220645401545,0.2906800552245597,0.0004224937728928,1526.6407905245514,144.07280359436308
2024-08-15,17,0.0378657444135071,-4.392661508567788e-05,-229.6015064528488,32.61922343470221,0.2290324821384436,0.0003849394667462,1239.8599832488076,119.70311989636814
2024-08-16,14,-0.3886374795321675,6.756434745515637e-05,-95.35354932385408,34.4275008349784,0.3886374795321675,0.0004987970336326,1817.1100076427815,157.67867809414432
2024-08-19,10,-0.2843122626034345,-7.327658482867696e-05,-42.81507540700758,32.64606587955525,0.2843122626034345,0.000436984093203,1655.495338775615,152.57163839034098
2024-08-20,5,0.0023945645831767,-4.007406203231868e-05,37.83548269516251,14.663442555688132,0.2094768523721107,0.000349635880679,1250.8909754865724,142.45972003811832
2024-08-21,5,0.2030787075207356,8.358404710631363e-05,136.7799603983172,-5.813633665467275,0.2030787075207356,0.0003633709450882,1401.983713203496,137.64280135999078
2024-08-22,8,0.2665658606343016,0.000138892905161,301.17027862036696,-39.0973753488486,0.2665658606343016,0.0004376233738316,1536.7911258597564,176.5877213945966
2024-08-23,11,0.1113288712101857,5.998893922384597e-05,58.400210432210415,2.33137402857671,0.2139158713957439,0.0003781723563695,1325.6374468895706,147.84390510642837
2024-08-26,9,0.2601452700481697,0.0001185393665099,183.3861481917166,-39.84993611977135,0.2601452700481697,0.000377118331098,1657.6453494822658,147.7435143612192
2024-08-27,11,0.2568205769798402,0.0001565838475325,243.30474049782867,-59.35808545088235,0.2611836362591569,0.0003991108000554,1481.956803850481,153.43467422476087
2024-08-28,12,0.0180633908649366,0.0001272888209091,158.85866756510418,2.9207569158999966,0.4573684705966316,0.0005228713428393,1626.140803049927,258.1454344348942
2024-08-29,7,0.0978510702164178,7.003693807927075e-05,-1.165796851778424,13.978089251078936,0.2340311209857375,0.0003637954501075,1347.6545281206566,115.03507329591083
2024-08-30,12,0.160385959294438,8.925236739243919e-05,183.5193260190721,-26.48984611086041,0.2718870897076108,0.0003403675057937,1307.351741414432,151.48130190960805
2024-09-03,14,0.1240782010265079,7.848052630207024e-05,-26.28602354247809,-19.673924255007368,0.4581997308333372,0.000464381400998,1731.3165508086258,203.37317365141152
2024-09-04,8,-0.117244002506185,2.603202441789909e-05,507.3992215291184,83.48535267300225,0.433722360342082,0.0004814200887835,1467.9131927238525,210.02125253321543
2024-09-05,15,0.1001148541717855,4.2809895455362274e-05,-134.76744122134676,28.896006660088272,0.1393745950577857,0.0002811767923153,974.4859189142844,117.00421950469868
2024-09-06,12,0.0613113151843763,-9.894169817351012e-05,-387.239908447081,40.68108483052898,0.2561618669771306,0.0003655662944465,1111.7707181560993,121.60349013959834
2024-09-09,13,0.1488833554837322,-3.8680639071794286e-05,59.22043476661168,-21.26381911186617,0.4084824043801334,0.0004882580440827,1694.2346937621096,161.13412566237102
2024-09-10,8,0.2379668698687614,5.051851563951764e-05,21.700082505225225,-36.45101034244369,0.3372632556727677,0.0005112207838739,1700.7755441833324,191.33947199019488
2024-09-11,13,0.1816072703179771,5.885592669616799e-05,-196.17851602494116,2.729611083119082,0.181607270317977,0.0003259188251337,1264.1205001622652,120.3354941647599
2024-09-12,14,0.1566191472039082,9.294814238778307e-05,172.70007733991994,-16.00414752849227,0.1978366613383565,0.0003341518085738,1188.850190337629,130.99850098063075
2024-09-13,8,-0.0165853347495627,-4.6933846204707454e-05,-192.32374848908643,10.098548101637888,0.1568764940897125,0.0003551199338288,952.9407535005046,113.26544120103225
2024-09-16,10,-0.4352625008573078,0.0001474026741104,-91.67737957125338,33.98651267622205,0.4957640424083087,0.0004510489583207,1450.9266424403652,152.5516928308868
2024-09-17,8,0.104721552973289,9.628873242095632e-05,228.7905981022687,-13.906448890433428,0.3775790846967451,0.0004429392783689,1799.0423076620332,167.60348686020043
2024-09-18,7,0.1150495513703968,8.738344901557295e-05,145.61027364783436,-16.518194735297865,0.233850495960918,0.000349493577425,1497.4759597163518,151.25435122139797
2024-09-19,10,0.1433239138100089,6.250412581862044e-05,-65.7186083378626,15.511719428875498,0.1433239138100089,0.0002851344956466,1069.3555197222383,118.40893899943072
2024-09-20,8,-0.0890203028783194,1.7096806071875535e-05,56.03972628538003,11.816245886751211,0.2266188815170385,0.0003452303924708,1454.8600567360477,147.44268679742822
2024-09-23,11,-0.0176432681274209,4.11698790436091e-05,-85.99150901157913,-22.129641236297136,0.3267093829816833,0.0004048003043385,1577.303273972051,190.6904297746189
2024-09-24,16,0.1695247710253437,0.0001419370275407,84.08658151876766,-35.34391050354907,0.2959963019025894,0.0004154479794877,1585.17746045293,175.36810746346288
2024-09-25,5,0.3356241010990781,0.0001698926417774,331.8820001253389,-70.85180330858071,0.3356241010990781,0.0004290278294312,1633.4379835875886,208.5692980710454
2024-09-26,11,0.1125710366692054,4.041109403576762e-05,-70.3071861331234,20.95813860542375,0.2100949142857708,0.000322813707665,1300.5111170632304,122.79938106461304
2024-09-27,9,-0.2478028904956648,5.839738904303712e-05,150.0220539409533,51.15090637577653,0.5203639328333322,0.0004181620285291,1833.887915411896,193.1876551253664
2024-10-01,12,-0.1168391953041678,4.136165069476507e-05,85.36364823373259,36.68336052767358,0.402462596821993,0.0003835805436827,1749.1878994832873,186.12398963687104
2024-10-02,5,0.2171017243700604,0.0001043001294437,142.8586434955118,-13.982681297650377,0.2171017243700604,0.0003130443563471,1400.132491241512,153.6261420451683
2024-10-03,11,0.2160505150748458,6.183011514234677e-05,-31.11179762089453,-0.5553517666525556,0.2160505150748458,0.0003353581443253,1319.966788404712,150.63570228897325
2024-10-04,11,0.1269218442723092,-1.5342207170235824e-05,-154.77884504408777,41.570452414629735,0.1565749822052657,0.0002651282862356,1160.7318562346572,126.93214962884178
2024-10-07,8,0.0918878770053633,-2.442927884673351e-05,-246.59837513107323,-51.10615894573339,0.426368005045001,0.0004643080582879,1831.8639912314648,162.54672495058355
2024-10-08,13,-0.0840580380130963,-1.7169530275700043e-05,-100.71495541554918,68.14801318550587,0.2410630344179066,0.0003075444110786,1188.839880924918,163.55339257079808
2024-10-09,8,0.1563525249051451,4.107611385755092e-05,-127.47264904550914,-3.715204300591711,0.2804904676917967,0.0003511979421845,1470.8628104850932,177.99732813023684
2024-10-10,8,0.0859966756913651,6.2479932072961004e-06,-327.0856394104053,40.36188064170672,0.1931681837693857,0.0002973081263168,1228.677775803054,115.12072560926998
2024-10-11,11,-0.2869775287669621,-0.0001387634348634,-170.6001130136801,49.60351879621997,0.2869775287669621,0.0004272997762647,1692.480542463173,182.46804925086056
2024-10-15,10,0.2343287701325687,0.000106447636075,94.2138387115088,-70.76258379037975,0.2969958393107965,0.0003839415432438,1585.714028836743,196.0154704885971
2024-10-16,10,-0.0463215704519914,-3.8253501071972334e-05,-60.39818362722215,11.168417163017509,0.3003881029328757,0.0004066786602076,1614.286217457145,171.73427993914484
2024-10-17,13,0.2209216872402815,6.420585330711134e-05,-152.01596095850783,-15.708633110023415,0.2209216872402815,0.00032174119241,1407.237708483562,140.98895655128507
2024-10-18,8,0.1155541912016663,-4.5072593243137325e-05,-138.5650583075062,22.798534241455634,0.2118539331687575,0.0003708084685149,1360.0370602040498,143.02045127613184
2024-10-21,10,-0.0186110919703725,0.0001091296204576,81.9677760430452,3.422854168860672,0.4223796997135643,0.0004313580363923,1569.0764073601565,212.73486486456247
2024-10-22,9,0.0143868844140364,8.846964621842954e-05,207.6316452563329,12.17965124839822,0.2896471535452839,0.0003445063352664,1577.8458266012397,117.92940126341672
2024-10-23,4,0.0296536346759622,0.0001236490928386,313.60567110467355,6.929457103961831,0.4054836347832633,0.0003944610879491,1748.0124580121428,224.71642411411824
2024-10-24,12,0.221665288799918,9.30430149174663e-05,101.60404868803931,-21.106383995097108,0.2216652887999181,0.0003201436487873,1441.591961356031,148.37024819196253
2024-10-25,9,0.1188834199778341,0.0001004984696076,155.31118021339603,10.039164587210394,0.2266491213320601,0.0003318341586423,1349.09329453076,136.64312686361572
2024-10-28,12,0.181962572652356,-1.2216126201369138e-05,-404.5375039191117,11.57570628819459,0.181962572652356,0.0002431954029382,1148.8466687111732,114.65914444713304
2024-10-29,6,0.1243136579318485,0.0001220446620723,15.73524031804115,-26.101640657614936,0.3622041174634247,0.0003718120590765,1525.6444029370894,213.1886250384664
2024-10-30,14,0.0810027815013144,1.2849226920101713e-05,53.64482615657346,-2.2213871221276413,0.3516709010520125,0.0003481477498963,1577.2797069062842,201.86480815947667
2024-10-31,13,0.1687160585165038,6.71490911002053e-05,201.91739618841788,-24.635944812328,0.2515938991907059,0.0003297287087668,1328.769972709171,146.22133895102291
2024-11-01,15,-0.043517264631756,-4.796486057050294e-06,122.359857881767,14.784762583561909,0.353436490199389,0.0005147348805724,1651.2319859833003,211.5355965456664
2024-11-04,6,0.114902898776072,-0.0002307225634573,-356.62333429692865,14.139821302398236,0.2485243061009966,0.0004419889183945,725.7599876525913,104.84047188487304
2024-11-05,17,-0.0208255682744408,0.0001054823462496,62.976803698445416,-3.760156208126986,0.2118289559285247,0.0003136621883937,1305.7381575921495,131.28736555746804
2024-11-06,13,0.3612236190986652,0.0001177204961523,297.83312166370933,-82.77821004013676,0.3612236190986652,0.0004283096366907,1768.9676678657986,206.90855633717376
2024-11-07,14,0.1657659074523202,6.772284300661052e-05,178.0817908968477,-35.37747074732211,0.1759041289663581,0.0002891913287985,1018.4442902432788,121.2708951690326
2024-11-08,10,0.061861739089611,-0.0002133046843388,-68.66881064382991,-9.145347496974368,0.2691828354367229,0.0004701975947176,1047.839640231486,188.07332900020683
2024-11-12,7,-0.2745910379067514,6.357457758796845e-05,-45.81705920139052,40.06344648425269,0.4271408403734331,0.0005484073052669,1965.05130134122,177.07292227408885
2024-11-13,14,-0.0141951384913721,2.090621549586066e-05,149.41971599247472,11.469086472626577,0.3342995359436924,0.0004672773229583,1465.098114420755,223.01487718778185
2024-11-14,11,0.009024213317458,7.551774682488178e-05,99.65008427068692,21.684878791932643,0.1614123977506308,0.0002886893227572,1015.3337102587658,117.40089076196256
2024-11-15,9,-0.1506996555107509,1.9271099742064423e-05,144.77861668787884,24.373885187713736,0.3771364227760947,0.0004643890067296,1660.0073557540768,146.7698400543798
2024-11-18,6,0.0101573703035441,-5.551378399565268e-05,-228.7173106545212,-16.981378624729054,0.3027985075276122,0.0004778791285679,1639.3504302442557,165.87659261862976
2024-11-19,11,-0.1035833260014467,4.104276801939133e-05,87.6425816422668,17.95358156526646,0.3916085738795014,0.0004863312917299,1766.9425254019054,197.16713414334197
2024-11-20,12,0.2542054091524571,9.416425626535296e-05,159.51747165551942,-34.49795327680286,0.2542054091524571,0.0003682813145798,1567.2250131918986,170.00587128564337
2024-11-21,7,0.1279410363868426,1.0974092627546184e-05,45.56557389429912,21.69609562052664,0.2049780211596894,0.0003171075815313,1366.8212343260752,151.0682188240116
2024-11-22,3,-0.1371889596895366,-0.000104852200473,43.64127211275297,34.03051069852897,0.4203442505185763,0.0004880059245426,1923.7417107394024,243.0175497802176
2024-11-25,10,0.2463965244351023,4.83461006677306e-05,-77.58088120915562,-30.035035482258056,0.2463965244351023,0.000371067019013,1566.4391763198892,136.53469155533276
2024-11-26,9,0.1000522292573396,-7.451141286411038e-06,-206.2814610766963,-2.6381003788202486,0.2334682151098534,0.0003382515636889,1171.6091678915288,87.21778352702464
2024-11-27,8,0.2475178409146484,-5.905254923380967e-06,56.43360649950961,-53.9620075325778,0.4102942107285348,0.0004183511201146,1818.6913986170637,193.2389293150108
2024-11-29,7,0.1817588574984475,-8.24721921059498e-06,22.49590479331505,-32.71869572705521,0.5079458795037541,0.0004313063405266,1990.5594058998784,253.623539915638
2024-12-02,6,-0.1110405696306611,0.0001386045439011,394.30294890058354,3.117963037107927,0.2551209989176322,0.0003667166651027,1527.419719396521,128.29756208462953
2024-12-03,7,0.0701548433806252,-5.753897064173964e-05,93.23296538491516,-15.599812545942418,0.3312453377551015,0.0004959625470259,1602.551381006873,165.68293207338468
2024-12-05,7,0.1859647625198782,-3.7784948798344825e-05,-665.3487623494356,17.723051312557274,0.1859647625198782,0.0003118474435191,1360.35276468735,97.77867204824688
2024-12-06,8,0.1158284358537993,8.098585793716482e-05,189.14802378307007,-0.6284627177571873,0.253937591867541,0.0003273582015172,1385.0144400632246,143.58198078626754
2024-12-09,4,0.0680249273581361,-4.529738912031371e-05,-189.0099790425189,-18.640599224638155,0.3905945393581999,0.0005932117591162,1731.060258704249,155.3684403143623
2024-12-10,6,-0.0126252530972455,3.6411357741663245e-05,55.05014451925479,-9.809089847419663,0.3645538619473881,0.0003584451554148,1500.9370241779204,234.93329672886236
2024-12-11,7,0.0715811682649471,-6.534870685028048e-05,-497.6189335503652,42.39085830038134,0.2163956178530948,0.000322942735363,1212.4193499039284,91.00149405835722
2024-12-12,6,0.0726212367562336,9.16655924041629e-05,-3.41554616072402,9.417055364797982,0.2030051569221299,0.0002923906628686,1396.9323241774796,109.57909935160636
2024-12-13,10,0.1381534089903749,-8.251266052768803e-05,-349.80142431778194,38.18357848490337,0.1951956002927873,0.0002982581763626,1215.4129621786597,129.3362233524488
2024-12-16,8,0.0351447515150555,6.896693257951999e-05,-51.198227215621785,20.54245300074524,0.3444754584610003,0.000401703970227,1561.3249700666938,211.00814746900613
2024-12-17,15,0.0812287970690285,-1.7652539250049514e-05,205.6047742636704,-23.20269523225754,0.4114080554928782,0.0004795195698379,1978.9866252439765,180.2703265606005
2024-12-18,15,0.1715024225046472,2.1802247960162093e-05,-21.222035920545693,-11.799066906304509,0.2906273498412986,0.0003490205970732,1495.249707937071,135.57517160245092
2024-12-19,10,0.1678886312730967,5.732225471153999e-05,175.0264910432877,45.954507200798034,0.1678886312730967,0.0003141082396051,1148.0900900599513,187.21366963696576
2024-12-20,10,0.0286096605575387,-8.943681604742325e-05,-121.56298893083996,35.85745061666576,0.3046272172193786,0.0004425363772714,1630.6629531788262,184.7916645740621
2024-12-23,9,-0.1842396928879688,-0.0001515274521991,-541.4311847857452,39.37081047459154,0.2967023186938842,0.00032910465914,1577.058118996184,177.70132882032
2024-12-24,15,-0.0428712754940498,4.084689735876838e-05,-125.98675712536392,5.01154671611671,0.3870467043767056,0.0004451650993613,1708.4526555805369,178.7272535946498
2024-12-26,13,0.1086569131179665,2.230953152921918e-05,-16.020228396179945,15.968674765271745,0.200789552072264,0.0003111324910689,1359.9286957797983,123.77046330294236
2024-12-27,11,0.0963706479648881,-6.349614343008334e-05,131.47856590485165,-13.380445739952789,0.3203611767273628,0.0004275753389898,1660.3749263770578,174.4121896152389
2024-12-30,14,0.0484533066288048,-4.169605922970688e-05,-298.45410605635664,6.976689076117429,0.2710817544887863,0.0004067172989745,1474.8274369744795,160.31278975108754
